[{"pk": 1, "model": "contenttypes.contenttype", "fields": {"model": "permission", "name": "permission", "app_label": "auth"}}, {"pk": 2, "model": "contenttypes.contenttype", "fields": {"model": "group", "name": "group", "app_label": "auth"}}, {"pk": 3, "model": "contenttypes.contenttype", "fields": {"model": "user", "name": "user", "app_label": "auth"}}, {"pk": 4, "model": "contenttypes.contenttype", "fields": {"model": "contenttype", "name": "content type", "app_label": "contenttypes"}}, {"pk": 5, "model": "contenttypes.contenttype", "fields": {"model": "session", "name": "session", "app_label": "sessions"}}, {"pk": 6, "model": "contenttypes.contenttype", "fields": {"model": "site", "name": "site", "app_label": "sites"}}, {"pk": 7, "model": "contenttypes.contenttype", "fields": {"model": "userprofile", "name": "user profile", "app_label": "accounts"}}, {"pk": 8, "model": "contenttypes.contenttype", "fields": {"model": "batch", "name": "batch", "app_label": "accounts"}}, {"pk": 9, "model": "contenttypes.contenttype", "fields": {"model": "task", "name": "task", "app_label": "accounts"}}, {"pk": 10, "model": "contenttypes.contenttype", "fields": {"model": "tasklock", "name": "task lock", "app_label": "accounts"}}, {"pk": 11, "model": "contenttypes.contenttype", "fields": {"model": "taskanswer", "name": "task answer", "app_label": "accounts"}}, {"pk": 12, "model": "contenttypes.contenttype", "fields": {"model": "taskskip", "name": "task skip", "app_label": "accounts"}}, {"pk": 13, "model": "contenttypes.contenttype", "fields": {"model": "batchskip", "name": "batch skip", "app_label": "accounts"}}, {"pk": 14, "model": "contenttypes.contenttype", "fields": {"model": "visitor", "name": "visitor", "app_label": "tracking"}}, {"pk": 15, "model": "contenttypes.contenttype", "fields": {"model": "untrackeduseragent", "name": "Untracked User-Agent", "app_label": "tracking"}}, {"pk": 16, "model": "contenttypes.contenttype", "fields": {"model": "bannedip", "name": "Banned IP", "app_label": "tracking"}}, {"pk": 17, "model": "contenttypes.contenttype", "fields": {"model": "logentry", "name": "log entry", "app_label": "admin"}}, {"pk": "083dt3q2r6zd3svgqvgu2nwdzkt9846v", "model": "sessions.session", "fields": {"expire_date": "2013-10-21T11:30:57Z", "session_data": "Njg4ZGU3ZDIyZTYzMGZmNjQ0OTZjNDQ5ZTQ3MDg2Yjk5MWY1MDhjYjp7ImdldF90b2tlbiI6IjFhMzNhOTc4NGY4MiIsIl9hdXRoX3VzZXJfYmFja2VuZCI6ImRqYW5nby5jb250cmliLmF1dGguYmFja2VuZHMuTW9kZWxCYWNrZW5kIiwiX2F1dGhfdXNlcl9pZCI6MTN9"}}, {"pk": "1bycdyrzgaaa1gcegc3o0q04trgijdm3", "model": "sessions.session", "fields": {"expire_date": "2013-10-21T11:23:22Z", "session_data": "OTU3MTdkYjg0YzBlMmJiMDUxY2UxYmU4ZmQ5MWI0ZjQ2MjEwYmIyYzp7ImdldF90b2tlbiI6IjFiYTFlYzQ4M2IxYiIsIl9hdXRoX3VzZXJfYmFja2VuZCI6ImRqYW5nby5jb250cmliLmF1dGguYmFja2VuZHMuTW9kZWxCYWNrZW5kIiwiX2F1dGhfdXNlcl9pZCI6M30="}}, {"pk": "4suw8s0i0eliqryfv9w1tg51lbnqvr60", "model": "sessions.session", "fields": {"expire_date": "2013-10-21T11:28:49Z", "session_data": "NGNiYzkwZTUzY2ViY2QwZTZjMWZjZGVmMTljZTQ1MzIwZmY2YjFmYTp7ImdldF90b2tlbiI6IjY0MmIzNmUyMGM2MiIsIl9hdXRoX3VzZXJfYmFja2VuZCI6ImRqYW5nby5jb250cmliLmF1dGguYmFja2VuZHMuTW9kZWxCYWNrZW5kIiwiX2F1dGhfdXNlcl9pZCI6OX0="}}, {"pk": "6auprhsgt8gphw4z8q7uv3itjlxe2cue", "model": "sessions.session", "fields": {"expire_date": "2013-10-21T11:31:41Z", "session_data": "NzE4ODhjOTZhZGRmODY3MjQ5Y2ZkNDQ1YmEzZmU4NmNlNGNmMWNmODp7ImdldF90b2tlbiI6IjcxZTMzMmQ5ZGFjMyIsIl9hdXRoX3VzZXJfYmFja2VuZCI6ImRqYW5nby5jb250cmliLmF1dGguYmFja2VuZHMuTW9kZWxCYWNrZW5kIiwiX2F1dGhfdXNlcl9pZCI6MTR9"}}, {"pk": "eft2md98uxa93vdmztu0nlo47ouuxefk", "model": "sessions.session", "fields": {"expire_date": "2013-10-21T11:20:48Z", "session_data": "MWIxZjJjMTMzM2ZjOGZhZGFhZjUzOTdiMmUwMjc4MWU0MWVkNWQzMDp7fQ=="}}, {"pk": "enz6mpsk5rcuhl6pz597ly8qbxe6zryu", "model": "sessions.session", "fields": {"expire_date": "2013-10-21T11:32:45Z", "session_data": "NmRhM2Y3ODczNzQxMTM0ODM0NGQ5ZWNiNDY1ODBiNmRiMDE0NjJkYzp7ImdldF90b2tlbiI6IjcxZWIwZTlhZTljNCIsIl9hdXRoX3VzZXJfYmFja2VuZCI6ImRqYW5nby5jb250cmliLmF1dGguYmFja2VuZHMuTW9kZWxCYWNrZW5kIiwiX2F1dGhfdXNlcl9pZCI6MTV9"}}, {"pk": "heb1x8b9dso91rvpkadpbgbjdjhnigtv", "model": "sessions.session", "fields": {"expire_date": "2013-10-21T11:30:41Z", "session_data": "ZDJlMDc4ZTRhMTgyMzA2ZTk4ODEyM2ZiYjdjMTRhYzM2NjA4NzZmNDp7ImdldF90b2tlbiI6IjI3NWU1NzM4NmNhZCIsIl9hdXRoX3VzZXJfYmFja2VuZCI6ImRqYW5nby5jb250cmliLmF1dGguYmFja2VuZHMuTW9kZWxCYWNrZW5kIiwiX2F1dGhfdXNlcl9pZCI6MTJ9"}}, {"pk": "iw0zpyuyzns07mhxmw3ebjj5qp7u6h9i", "model": "sessions.session", "fields": {"expire_date": "2013-10-21T11:25:29Z", "session_data": "MTgxZWU2YjRlNDY5MzhiZjhlZGE0NWFjNDI4NzljMzNkZDBiMzc4NTp7ImdldF90b2tlbiI6ImZiODZiOWNiMzQ3NSIsIl9hdXRoX3VzZXJfYmFja2VuZCI6ImRqYW5nby5jb250cmliLmF1dGguYmFja2VuZHMuTW9kZWxCYWNrZW5kIiwiX2F1dGhfdXNlcl9pZCI6N30="}}, {"pk": "l1t6ikd39nmb970k5cc1erxf91ttndk8", "model": "sessions.session", "fields": {"expire_date": "2013-10-21T11:25:00Z", "session_data": "NmY5YjRiODQwZDYwNDU5NWE1YjVhZTQzYTAxZDkzMGEyZTM0NWU0Yjp7ImdldF90b2tlbiI6ImExMTYzOTI5MzljYyIsIl9hdXRoX3VzZXJfYmFja2VuZCI6ImRqYW5nby5jb250cmliLmF1dGguYmFja2VuZHMuTW9kZWxCYWNrZW5kIiwiX2F1dGhfdXNlcl9pZCI6NH0="}}, {"pk": "l58uoojolbejjepyt16yptzowwh0v9b2", "model": "sessions.session", "fields": {"expire_date": "2013-10-21T11:30:25Z", "session_data": "MGU0ZDUzN2VmNjRmZGU5ZWVmMTUzZTUxOWE1NmMwMTE1Y2E2OGQ1MTp7ImdldF90b2tlbiI6IjI5NDZkZmQ2NGY5ZiIsIl9hdXRoX3VzZXJfYmFja2VuZCI6ImRqYW5nby5jb250cmliLmF1dGguYmFja2VuZHMuTW9kZWxCYWNrZW5kIiwiX2F1dGhfdXNlcl9pZCI6MTB9"}}, {"pk": "mibg8urfgxmoxs5zhc1dlbnvuck3i6tx", "model": "sessions.session", "fields": {"expire_date": "2013-10-21T11:25:32Z", "session_data": "ZDRhZWI1YTkzN2Q1MTY5NTI3MWZmMjJjNTlmZTczMzZjZWJjODA0Zjp7ImdldF90b2tlbiI6ImY4MGRmZmNiNjQyNSIsIl9hdXRoX3VzZXJfYmFja2VuZCI6ImRqYW5nby5jb250cmliLmF1dGguYmFja2VuZHMuTW9kZWxCYWNrZW5kIiwiX2F1dGhfdXNlcl9pZCI6OH0="}}, {"pk": "mloyb4tz142mbc2qemr0xgww6en0qhoz", "model": "sessions.session", "fields": {"expire_date": "2013-10-21T11:25:02Z", "session_data": "YTcwNjc3M2M4MjlmZWM0NzM5N2Q5ODVkYzk0YTk0ODY2YTlkMDhlODp7ImdldF90b2tlbiI6ImExYzg1MWJkNjdjOCIsIl9hdXRoX3VzZXJfYmFja2VuZCI6ImRqYW5nby5jb250cmliLmF1dGguYmFja2VuZHMuTW9kZWxCYWNrZW5kIiwiX2F1dGhfdXNlcl9pZCI6NX0="}}, {"pk": "ntcr8e6wk9n9hp2nutj9jkuf1iutvpr3", "model": "sessions.session", "fields": {"expire_date": "2013-10-21T11:30:26Z", "session_data": "NDU3ZDYxNWQzNzFiZGE5YmZkYjQxMTdhYmVmZmI1MzdiMjY3MjliOTp7ImdldF90b2tlbiI6Ijg1MWVlMTRiNTE0MyIsIl9hdXRoX3VzZXJfYmFja2VuZCI6ImRqYW5nby5jb250cmliLmF1dGguYmFja2VuZHMuTW9kZWxCYWNrZW5kIiwiX2F1dGhfdXNlcl9pZCI6MTF9"}}, {"pk": "oe442ndvhy47tyf48dsyqel70wi6wopz", "model": "sessions.session", "fields": {"expire_date": "2013-10-21T11:42:05Z", "session_data": "YmE3MTA2YTc4OTllMmFkMWYwYmVhN2ZmYzI5ZWZhNGEzYTMwNjY5NDp7Il9hdXRoX3VzZXJfYmFja2VuZCI6ImRqYW5nby5jb250cmliLmF1dGguYmFja2VuZHMuTW9kZWxCYWNrZW5kIiwiX2F1dGhfdXNlcl9pZCI6MX0="}}, {"pk": "omdazypcao7n32kq7gbftqzdv4kxju2y", "model": "sessions.session", "fields": {"expire_date": "2013-10-21T11:25:22Z", "session_data": "YTA1ODI1ZWI5NjU5ZjVkYTI5OWYwNTQ4YjM2ZTJiOThmN2U3OGY5Mzp7ImdldF90b2tlbiI6ImI3YzQ0YzZkMGQ3NCIsIl9hdXRoX3VzZXJfYmFja2VuZCI6ImRqYW5nby5jb250cmliLmF1dGguYmFja2VuZHMuTW9kZWxCYWNrZW5kIiwiX2F1dGhfdXNlcl9pZCI6Nn0="}}, {"pk": "p69l9ts780kdszjjmcvf978n0s1670a9", "model": "sessions.session", "fields": {"expire_date": "2013-10-21T11:36:13Z", "session_data": "MTg0OWRjYjI3NTc0NThhMDc0NjQ0ODU5NmU2MTEwYTVmMTkzNzRkYTp7ImdldF90b2tlbiI6ImUwZGVjNDE5M2E1NCIsIl9hdXRoX3VzZXJfYmFja2VuZCI6ImRqYW5nby5jb250cmliLmF1dGguYmFja2VuZHMuTW9kZWxCYWNrZW5kIiwiX2F1dGhfdXNlcl9pZCI6MTZ9"}}, {"pk": "tewsj7n4bth2bhz26xsruku1mzshekly", "model": "sessions.session", "fields": {"expire_date": "2013-10-21T11:22:52Z", "session_data": "NDk3NzQ0NTAxOTA1ZDBmZDkzNDhjNTZmMDVjZjAyMDgxZDk2ZDU1Yzp7ImdldF90b2tlbiI6IjM0MDI3NWIzYTllYSIsIl9hdXRoX3VzZXJfYmFja2VuZCI6ImRqYW5nby5jb250cmliLmF1dGguYmFja2VuZHMuTW9kZWxCYWNrZW5kIiwiX2F1dGhfdXNlcl9pZCI6Mn0="}}, {"pk": 1, "model": "sites.site", "fields": {"domain": "example.com", "name": "example.com"}}, {"pk": 1, "model": "accounts.batch", "fields": {"finishtime": "2013-10-07T11:41:14Z", "name": "Company Customer Service Phone", "experiment_started": true, "value": 0.07, "numtask": 5, "bclass": "data", "runtask": 0, "done": true, "deadline": "2013-10-07T11:41:14Z", "repetition": 3, "pulication": "2013-10-07T11:30:31Z", "description": "Find (e.g. on google) the Customer Service Phone Number of the following US based company"}}, {"pk": 2, "model": "accounts.batch", "fields": {"finishtime": "2013-10-07T11:38:02Z", "name": "Image Labeling", "experiment_started": true, "value": 0.05, "numtask": 5, "bclass": "extract", "runtask": 0, "done": true, "deadline": "2013-10-07T11:38:02Z", "repetition": 3, "pulication": "2013-10-07T11:30:31Z", "description": "Enter a list of keywords that describe the objects in the image bellow"}}, {"pk": 3, "model": "accounts.batch", "fields": {"finishtime": "2013-10-07T11:41:06Z", "name": "Sentiment Analysis", "experiment_started": true, "value": 0.05, "numtask": 20, "bclass": "data", "runtask": 0, "done": true, "deadline": "2013-10-07T11:41:06Z", "repetition": 3, "pulication": "2013-10-07T11:30:31Z", "description": "Read the following text, then select the sentiment expressed"}}, {"pk": 4, "model": "accounts.batch", "fields": {"finishtime": "2013-10-07T11:36:30Z", "name": "Mobile Phone Memorization", "experiment_started": true, "value": 0.03, "numtask": 10, "bclass": "study", "runtask": 0, "done": true, "deadline": "2013-10-07T11:36:30Z", "repetition": 3, "pulication": "2013-10-07T11:30:31Z", "description": "Read the following Phone SMS, and rewrite it from memory after it disappears"}}, {"pk": 5, "model": "accounts.batch", "fields": {"finishtime": "2013-10-07T11:38:02Z", "name": "Spelling mistake correction", "experiment_started": true, "value": 0.03, "numtask": 5, "bclass": "data", "runtask": 0, "done": true, "deadline": "2013-10-07T11:38:02Z", "repetition": 3, "pulication": "2013-10-07T11:30:31Z", "description": "Correct the spelling mistakes in the following sentences. Write the correct sentence below."}}, {"pk": 1, "model": "accounts.task", "fields": {"lock": 0, "question": "\"Del Monte Foods Co\"", "batch": 1, "done": 3, "choice": ""}}, {"pk": 2, "model": "accounts.task", "fields": {"lock": 0, "question": "\"Dell Computer Corporation\"", "batch": 1, "done": 3, "choice": ""}}, {"pk": 3, "model": "accounts.task", "fields": {"lock": 0, "question": "\"Delphi Corp.\"", "batch": 1, "done": 3, "choice": ""}}, {"pk": 4, "model": "accounts.task", "fields": {"lock": 0, "question": "\"Delta Air Lines Inc.\"", "batch": 1, "done": 3, "choice": ""}}, {"pk": 5, "model": "accounts.task", "fields": {"lock": 0, "question": "\"Deluxe Corporation\"", "batch": 1, "done": 3, "choice": ""}}, {"pk": 201, "model": "accounts.task", "fields": {"lock": 0, "question": "1205b017cdc13c41a25413b1f30aec04eda336aac290a27db0b1988e670be56c.jpg", "batch": 2, "done": 3, "choice": ""}}, {"pk": 202, "model": "accounts.task", "fields": {"lock": 0, "question": "16dadc726bea33d2a578fbcb5160aa4febdcc2422e08aac9c893b2c01ac5be70.jpg", "batch": 2, "done": 3, "choice": ""}}, {"pk": 203, "model": "accounts.task", "fields": {"lock": 0, "question": "1cd6c442d4efe647a6afa2d0ec722c5d39f385bbb919d3b63d10faa9d98aad1e.jpg", "batch": 2, "done": 3, "choice": ""}}, {"pk": 204, "model": "accounts.task", "fields": {"lock": 0, "question": "1cf76ce72ec3e831f64b59e83bbe21643ba0b3fbc9b5af5de59a0c1a5975c88e.jpg", "batch": 2, "done": 3, "choice": ""}}, {"pk": 205, "model": "accounts.task", "fields": {"lock": 0, "question": "2269c3b458f3f66c1a48f7816299c2e752e19177890288888e4585c77b93909e.jpg", "batch": 2, "done": 3, "choice": ""}}, {"pk": 308, "model": "accounts.task", "fields": {"lock": 0, "question": " I purchased this router at a woodworking show after watching the CMT people using it to demo their bits and was impressed how it performed. Well, when I got it home and mounted it in my router table, the shortcomings started showing up. The adjustment knob seemed ok, but when lowering the router, I have to practically pull it down while turning the knob. I tried it with the springs in and with them out and did not notice any difference. The collet for the 1/4 inch bits is a pain to get in and even harder to get out. Then the most disappointing was trying to use Viper raised panel bits that just barely fit, and I mean just barely. I never could get the panel bit to fit right.", "batch": 3, "done": 3, "choice": "positive, neutral, negative"}}, {"pk": 309, "model": "accounts.task", "fields": {"lock": 0, "question": " I did my homework before buying my larger 3+hp router for my router table. From the Internet, woodworking books, local stores and personal opinions the Hitachi M12V 3-1/4 HP router time and time again came up to be the router of choice or best for its price. I have a mid-size plunge router already, (the DeWalt 621-a fantastic router, read the MANY reviews) and needed a heavy duty machine for my table.", "batch": 3, "done": 3, "choice": "positive, neutral, negative"}}, {"pk": 310, "model": "accounts.task", "fields": {"lock": 0, "question": " I have a small fixed base, single speed router that I use freehand. But I wanted to do some raised panel work and needed more power and variable speed to run the large-diameter bits. At first, I kicked myself for not buying one in the first place instead of my smaller router, but in retrospect I think this is the best compromise. The Hitachi has plenty of power, runs smooth, and cuts effortlessly through maple (with Freud bits!) However, it is much bigger, bulkier, and heavier than my other router and I would not like to use it freehand (I keep it mounted in a table). Since I use it in a table, I don't use the plunge feature, but if I ever need it I've got it. The Hitachi is a great router for a great price, but only get it if you need the maximum power, variable speed and use it in a table. Otherwise, get a smaller single speed router, which will be much easier to use freehand and is all you need for smaller diameter bits.", "batch": 3, "done": 3, "choice": "positive, neutral, negative"}}, {"pk": 311, "model": "accounts.task", "fields": {"lock": 0, "question": " I looked at this router and bought a Makita. The Hitachi is made in Malasyia, and looked cheap compared with the Makita, which is made in the USA. I have hade such poor luck with other tools (a Bosch drill) made in Malasyia, that I could not see getting it. If you think you are saving $40 getting the Hitachi, you are right, and you are also getting a router worth $40 less than a Makita.", "batch": 3, "done": 3, "choice": "positive, neutral, negative"}}, {"pk": 312, "model": "accounts.task", "fields": {"lock": 0, "question": " It ain't cutting edge (no pun intended) state of the art with all the latest bells & whistles & it definitely ain't pretty. But it is smooth, it is powerful, it is affordable & it has a proven track record. I built my own router table with a tilt up top & made a hand crank to replace the height adjustment knob & these two things make it easy to change out & raise or lower the bits. Also stuck a couple of o-rings in the collet like a previous reviewer suggested & have never had a stuck bit. Have to clean, buff & lube the plunge rods once in a while but I see that as a non issue because any router should be periodically cleaned anyway. So for the money it costs for one of those top-of-the-line models I've got a good router & a nice table to put it in & I like that. Happy woodworking!!", "batch": 3, "done": 3, "choice": "positive, neutral, negative"}}, {"pk": 313, "model": "accounts.task", "fields": {"lock": 0, "question": " Hitachi's M12V is a big beast of a router. It's not the heaviest around (I think Porter-Cable has that distinction), but I found its combination of weight and power really too much to allow precise handheld operation. Luckily, the only significant handheld use I had to put it to was to plunge cut the melamine board that I dropped my Woodpeckers PlungeLIFT table insert into. Hitachi includes a 1/2\" straight cutting bit in the package, and I used this to cut out my table. I bobbled a bit at the end of a couple of the cuts because the momentum of the charging M12V was a bit more than I was prepared for. And changing bits requires one hand on the wrench, one hand on the spindle lock, and two knees to hold the router -- another reason why the M12V is best used in a table. In my table the M12V has been a real champ. I've cut dadoes, flush trim to duplicate a complex form, and done roundovers and Roman ogees. The heavy motor and continuously variable speed control let this router churn through everything I threw at it. With the PlungeLIFT all my bit changing has been done above the table, although I still have to reach below the table to operate the spindle lock (and, of course, the speed and ON/OFF controls). Accessories included in the package are: - 1/2\" shank, 1/2\" diameter, 1\" cutting length, 2 carbide flute straight bit - parallel guide - template guide - template adapter for 3rd-party guides - 1/4\" chuck sleeve - cutting depth fine adjustment knob (which takes a \"13 mm\" wrench to install, but a crescent wrench works OK too) Not included are: - 3/8\" chuck sleeve (the least common bit size) - depth scale in mm (the included one is in inches) - dust collector set - trimmer guide for chamfering The M12V is really set up for right hand operation. Lefties can switch the angle of the handles by loosening the screws, repositioning, then retightening. This will allow operation of the power switch with the left index finger and the plunge lock with the left thumb (instead of the standard right thumb and right index finger, respectively), but then the depth scale is on the back face of the router, as is the straight edge of the base plate. Nice things about the M12V: - in a table, the powerful 3 1/4 HP motor is great - soft start helps a lot to control the beast when you turn the router on - continuously variable speed control - Amazon's price Not so nice things: - a bit too much weight and power for easy handheld use - spindle lock makes for awkward bit changing (outside of a table) - the 1/4\" chuck sleeve requires MUCH tightening to keep bits from slipping Bottom line: Highly recommended, but best when used in a table.", "batch": 3, "done": 3, "choice": "positive, neutral, negative"}}, {"pk": 314, "model": "accounts.task", "fields": {"lock": 0, "question": " This is truly a Clydesdale among the industry 3HP+ router workhorses. Built like a tank, yet nimble enough to be comfortably used with the Leigh dovetail jig. The soft start is a tremendous help for this type of operation. It is a heavy but well-balanced machine, which is an asset when maximum stability is desired. The edge guide is top quality, easy to install and accurate. I used this router to plow out 3\" raised panels in oak without phasing the beast. This was possible due to the variable speed settings for any sized bit. The router is also equipped with an adapter that accepts PC guide bushings. The height adjustment knob is a bit flimsy, but it works well and provides good accuracy. The only complaint I have is that the 1/4\" collet will not sufficiently hold any of my 1/4\" bits. I purchased an aftermarket slotted collet that does the job. The Hitachi collet simply was not ground accurately. However, now that the kit comes with the height adjustment knob, I'd say jump all over it. This is a great deal, and I'm elated with my decision to go with Hitachi's green machine. Wish I could give it 4 1/2 stars.", "batch": 3, "done": 3, "choice": "positive, neutral, negative"}}, {"pk": 315, "model": "accounts.task", "fields": {"lock": 0, "question": " I bought this router a couple of months ago from Amazon and have used it a fair amount in that time. The deal Amazon has going can't be beat and if you're considering buying this machine, do so from this site. I noticed that the micro adjustment knob and collet are well made and work well too. The speed control is well designed and it works perfectly. The included fence guide is easy to set up and quite accurate as well. The plunge lock and power switch are very easily accessible which is a must when doing free hand routing. It is heavy enough to make it stable, but not too heavy to preclude hand use. Those are the good points. There are a few points of contention which I have. The depth scale is a joke and I wouldn't use it for anything but a \"ball park\" measure. The plunge action isn't smooth unless you make it so. This entails wiping the rods, blowing compressed air into the housings, and lightly lubricating the rods with silicone lubricant. The instructions would benefit from some improvement and it would help if the RPMs of the speed settings were mentioned. Also, the fit and finish could be better although this doesn't detract from performance. I plan to get a Porter-Cable for table mounted use but will be using this machine for most if not all of my hand held use. Overall this tool is very well worth the price and I have no regrets about my purchase.", "batch": 3, "done": 3, "choice": "positive, neutral, negative"}}, {"pk": 316, "model": "accounts.task", "fields": {"lock": 0, "question": " This is an excellent router for the money. I use it primarily in a router table and have been making my own moldings and trim. The only problem i find with it is that the plunge mechanism will eventually stick due to wood dust. I find that if you remove the springs it is much easier to adjust and will not stick much. Other than that, i think it is the best router for the money.", "batch": 3, "done": 3, "choice": "positive, neutral, negative"}}, {"pk": 317, "model": "accounts.task", "fields": {"lock": 0, "question": " I must have gotten a good one. I don't have problems with the depth adjustment, the speed control, the collet ( I haven't tried the 1/4\" sleeve yet) . Before buying this I read others reviews and of the complaints I read about....well I have not experienced any. I have 3 Bosch routers, 1 Porter Cable, and the large Freud. I have many others in the past. I would put the Hitachi up with the best! No vibration! Smooth plunging! ( it did stick a bit so I sprayed it w/ lubricant. It is a great router for a table and with the depth adjustment knob it is easy to adjust depth prescisely. Why do people spend all that money on accessories to \"raise and lower \" the router in a table??? A waste of money. It is very easy to change bits without removing the router from the table and the shaft lock works great. Very good balance in the hands and lighter than most 3 1/4 hp models. The soft start is nice. The price is incredible with the bonus pack and Hitachi's $25 incentive ( you need the code ---go to Toolseeker.com and it tells you) The total price with delivery (free shipping ) was $135 ! Less than a cheap cordless drill or a laminate trimmer. I can't complain and Amazons' service was perfect! I think I'll go rout something...", "batch": 3, "done": 3, "choice": "positive, neutral, negative"}}, {"pk": 318, "model": "accounts.task", "fields": {"lock": 0, "question": " Bought an expensive Dewalt router some three years ago and never became comfortable with it. I use routers solely for hand work and relegate all table usage (including panels) to my Grizzly shaper. Gave the Dewalt to a woodworking friend in gratitude for his help in moving tools to a new shop. Saw the Hitachi on Amazon.com with their $25.00 coupon (at the time) and could not resist trying it out. UNLIKE other reviewers, I like the tool because it is easy to operate outside of the router table. Both the on/off switch (soft start) and the depth lock are within easy reach of the right hand. It is no more heavy than any other powerful router and not as bad as some Porter Cable models I tried. I use custom side clamps set up for 1/4 and 1/2 inch bits in order to plough mortises easily (and with great accuracy). Unlike my experience with the Dewalt, I now enjoy reaching for the Hitachi (and allow me to stress I am a fan of many other Dewalt tools -- especially their large table saw and famous miter saws). LIKE other reviewers I can attest to the following: 1. Your Hitachi might come to you with a stiff spring mechanism. Mine was so bad I had to to use a hammer to free it (and this is why I'm giving it 4, not 5 stars). I have noted that as you use the tool, sawdust builds in the channel and it requires attention. Not a killer problem, but not well done, either. 2. Half-inch router bits provide more operating security and finish quality than do their 1/4 inch counterparts. Have read this on the web and can second the comparative preference. I do woodworking as a serious hobby. For me, it is as important that the tool be comfortable to use as it is that it produce a high-quality result. Can recommend the Hitachi in this ergonomic arena -- at the price quoted on Amazon it is a bargain.", "batch": 3, "done": 3, "choice": "positive, neutral, negative"}}, {"pk": 319, "model": "accounts.task", "fields": {"lock": 0, "question": " My first experience with this router was when I was working in a professional window and door shop. The owner had three routers - all M12's. This was my first real introduction to serious routing and I thought that the M12 was just a router. In the last 8 years since then I have done a ton of routing and have messed around with a bunch of different machines. After getting used to the M12 all the rest seemed lacking. On top of being a workhorse and ultra reliable, it is just a plunge router that works really well. I use it in the table (never take the springs out - just attach the fine adjustment knob), in my woodrat and freehand and it works great in all circumstances. The only beef that I have with it is that there is a little too much slop in the columns when the lock is not engaged. Unless you routinely use it like this (which I do to cut mortises on the woodrat) then you will never notice. If it weren't so big I would probably by another since no shop is complete without a handful of routers..", "batch": 3, "done": 3, "choice": "positive, neutral, negative"}}, {"pk": 320, "model": "accounts.task", "fields": {"lock": 0, "question": " This router appeared in my wife's gold box a few weeks ago, and she knew I was looking to upgrade my Craftsman 1/4\" fixed base router. She told me to take a look at it, and after reading reviews here and at other sites, I told her to get it. What an upgrade!!! I have only used it with the 1/4\" collet and a 1/2\" round over bit, but I love how it starts up with little torque and runs very quietly. The depth adjustment and bit changing is much easier on the M12V than it was on my old router. The handles make it very comfortable to use and I experience little vibration. Combine this with the excellent price we got in the Gold Box, and I'm really happy. I'm sure I don't use it to the degree of some of the other purchasers, but I really like it! Now I need to get some 1/2\" bits...", "batch": 3, "done": 3, "choice": "positive, neutral, negative"}}, {"pk": 321, "model": "accounts.task", "fields": {"lock": 0, "question": " I first used the router in the free hand mode and liked it a lot. I find it very stable and comfortable to use, it doesn't jump around or make me feel like I need to use a lot of arm strength to keep it under control, and  it has very good visibility to see your cut. It came with a good fence that  is simple yet precise and thats well made and won't break. Also I like the  position of all the controls and the fact that it doesn't have any extra  knobs or gizmos. I prefer things that are simple. I prefer to use my mind  to figure out how I'm going to build something not how my tools work. I now  have it as a permenant fixture  in my router table. The router has plenty  of power for any type of bit or wood I need to cut, and the speed control  knob is easy to get to. I did have to cut off the ears  that hold the  template guide in place so I could get those big panel raising bits in it. It will take 31/2 inchers now. I also removed the springs in the plunge  tubes to make it easier to raise. I added a crank for those times when I  need to make fine adjustments, but I seldom use it. I also put a bend in  the wrench so I can remove and install bits from the top of the table. Its  not a perfect system but its a very good one. I need it back as a hand held so I'm going to buy another one.", "batch": 3, "done": 3, "choice": "positive, neutral, negative"}}, {"pk": 322, "model": "accounts.task", "fields": {"lock": 0, "question": " I've owned this router for over 8 years and am somewhat satisfied with it. It is quiet and has plenty of power. I find that it is stable in my hands and its' weight actually contributes to that stability. That said, I am disappointed in the plunging mechanism. Shortly after I brought it, the plunging shafts started sticking. After repeatly cleaning and recleaning, it still stuck after using it for a little while. I no longer use it as a plunge router, only as a stationary or table mounted router. If the plunging action isn't that important, then this is a great router. If the plunging action is critical to your work, look elsewhere.", "batch": 3, "done": 3, "choice": "positive, neutral, negative"}}, {"pk": 323, "model": "accounts.task", "fields": {"lock": 0, "question": " I love the performance and features of this router. For the money, I'm not sure you can do better. It's very quiet for a universal motor-driven tool, and the height adjustment stick and variable speed control are great. I bought this specifically for a router table I built, and it has performed flawlessly in that capacity. I've done some hand-held routing with it and it works good for that as well. Smooth plunging mechanism. The guide fence for freehand routing is well made and solid. The only thing I hate (and this pretty much goes for any router I've used) is changing the bits. It's oftentimes hard to get a good grip on the router, activate the chuck lock, and get enough muscle behind the wrench to get the collet loosened up. Even with that, I highly recommend this router - outstanding performer.", "batch": 3, "done": 3, "choice": "positive, neutral, negative"}}, {"pk": 324, "model": "accounts.task", "fields": {"lock": 0, "question": " I purchased two of these beauties. For exclusive use in a double router table I have been building. I have a tendency to do quite a bit of research before I drop money on a tool and everyone I talked to loved this router. One cabinet shop has been using one regularly in a router table for 11 years without a problem. My routers arrived promptly and I actually used one of them in the construction of the router table. The design of the collets is excellent and far exceeds any of the craftman (toy/junk) routers I have previously purchased. I have since used them to cut all the stiles and rails for my first kitchen. They were easy to setup with plenty of power to hog through anything I have encountered. I have less money invested in the router table and dual routers than I would have if I had purchased a single cheap reliant shaper. The setup works awesome, as with any tool I look closely at the individual tool for it's merits, and not just the company as a whole. I say this because I am not particulary fond of the hitachi compound miter saw. As I find it inheritly inaccurate by design. I would however highly recommend the m12v router !", "batch": 3, "done": 3, "choice": "positive, neutral, negative"}}, {"pk": 325, "model": "accounts.task", "fields": {"lock": 0, "question": " I'm not overly fond of GREEN but when I used this Hitachi M12V it turns out that now I'm very fond of it. This router does GREAT in hand held jobs and Router Tables. I mounted mine in a home brew table and used a router lift. The smooth operation variable speed and a set of good Jasada Bits will provide just the right combination for great predictable results. Its well made and user friendly. You'll love it!", "batch": 3, "done": 3, "choice": "positive, neutral, negative"}}, {"pk": 326, "model": "accounts.task", "fields": {"lock": 0, "question": " This router is 1 of 4 in my shop. It is currently permanently mounted (3 years now) in my router table and will most likely stay there until its shot. I have added the router raizer kit(simple installation) to it and cannot live without this setup! This router has soft start and runs smooth and true. I use the router with a 3 1/2in raised panel bit with no problems. It has enough power to hog out all the material in one pass, but I usually take multiple to prevent blowout and a smoother finish. For the price, I am considering purchasing a spare just to have as a backup. You just can't go wrong with this one! Enjoy.", "batch": 3, "done": 3, "choice": "positive, neutral, negative"}}, {"pk": 327, "model": "accounts.task", "fields": {"lock": 0, "question": " This is an excellent router for the price. This is my second one. The first one lasted about 6 years of heavy use.", "batch": 3, "done": 3, "choice": "positive, neutral, negative"}}, {"pk": 530, "model": "accounts.task", "fields": {"lock": 0, "question": "Are you going to join us for lunch?", "batch": 4, "done": 3, "choice": ""}}, {"pk": 531, "model": "accounts.task", "fields": {"lock": 0, "question": "Is she done yet?", "batch": 4, "done": 3, "choice": ""}}, {"pk": 532, "model": "accounts.task", "fields": {"lock": 0, "question": "Thanks for the quick turnaround.", "batch": 4, "done": 3, "choice": ""}}, {"pk": 533, "model": "accounts.task", "fields": {"lock": 0, "question": "How are you?", "batch": 4, "done": 3, "choice": ""}}, {"pk": 534, "model": "accounts.task", "fields": {"lock": 0, "question": "Yes, I am playing.", "batch": 4, "done": 3, "choice": ""}}, {"pk": 535, "model": "accounts.task", "fields": {"lock": 0, "question": "Please call tomorrow if possible.", "batch": 4, "done": 3, "choice": ""}}, {"pk": 536, "model": "accounts.task", "fields": {"lock": 0, "question": "We are all fragile.", "batch": 4, "done": 3, "choice": ""}}, {"pk": 537, "model": "accounts.task", "fields": {"lock": 0, "question": "I would like to attend if so.", "batch": 4, "done": 3, "choice": ""}}, {"pk": 538, "model": "accounts.task", "fields": {"lock": 0, "question": "I can return earlier.", "batch": 4, "done": 3, "choice": ""}}, {"pk": 539, "model": "accounts.task", "fields": {"lock": 0, "question": "I am trying again.", "batch": 4, "done": 3, "choice": ""}}, {"pk": 730, "model": "accounts.task", "fields": {"lock": 0, "question": "batter life seems awful.", "batch": 5, "done": 3, "choice": ""}}, {"pk": 731, "model": "accounts.task", "fields": {"lock": 0, "question": "are there any issues already occured with Android 2.2 ?", "batch": 5, "done": 3, "choice": ""}}, {"pk": 732, "model": "accounts.task", "fields": {"lock": 0, "question": "i'm prettyy sure that everything I've ever read says that the <kbd>Back</kbd> button is the right way to exit out of apps.", "batch": 5, "done": 3, "choice": ""}}, {"pk": 733, "model": "accounts.task", "fields": {"lock": 0, "question": "probably I will change ROM often, so my question.", "batch": 5, "done": 3, "choice": ""}}, {"pk": 734, "model": "accounts.task", "fields": {"lock": 0, "question": "btw mine is a nexus one", "batch": 5, "done": 3, "choice": ""}}, {"pk": 1, "model": "auth.permission", "fields": {"codename": "add_permission", "name": "Can add permission", "content_type": 1}}, {"pk": 2, "model": "auth.permission", "fields": {"codename": "change_permission", "name": "Can change permission", "content_type": 1}}, {"pk": 3, "model": "auth.permission", "fields": {"codename": "delete_permission", "name": "Can delete permission", "content_type": 1}}, {"pk": 4, "model": "auth.permission", "fields": {"codename": "add_group", "name": "Can add group", "content_type": 2}}, {"pk": 5, "model": "auth.permission", "fields": {"codename": "change_group", "name": "Can change group", "content_type": 2}}, {"pk": 6, "model": "auth.permission", "fields": {"codename": "delete_group", "name": "Can delete group", "content_type": 2}}, {"pk": 7, "model": "auth.permission", "fields": {"codename": "add_user", "name": "Can add user", "content_type": 3}}, {"pk": 8, "model": "auth.permission", "fields": {"codename": "change_user", "name": "Can change user", "content_type": 3}}, {"pk": 9, "model": "auth.permission", "fields": {"codename": "delete_user", "name": "Can delete user", "content_type": 3}}, {"pk": 10, "model": "auth.permission", "fields": {"codename": "add_contenttype", "name": "Can add content type", "content_type": 4}}, {"pk": 11, "model": "auth.permission", "fields": {"codename": "change_contenttype", "name": "Can change content type", "content_type": 4}}, {"pk": 12, "model": "auth.permission", "fields": {"codename": "delete_contenttype", "name": "Can delete content type", "content_type": 4}}, {"pk": 13, "model": "auth.permission", "fields": {"codename": "add_session", "name": "Can add session", "content_type": 5}}, {"pk": 14, "model": "auth.permission", "fields": {"codename": "change_session", "name": "Can change session", "content_type": 5}}, {"pk": 15, "model": "auth.permission", "fields": {"codename": "delete_session", "name": "Can delete session", "content_type": 5}}, {"pk": 16, "model": "auth.permission", "fields": {"codename": "add_site", "name": "Can add site", "content_type": 6}}, {"pk": 17, "model": "auth.permission", "fields": {"codename": "change_site", "name": "Can change site", "content_type": 6}}, {"pk": 18, "model": "auth.permission", "fields": {"codename": "delete_site", "name": "Can delete site", "content_type": 6}}, {"pk": 19, "model": "auth.permission", "fields": {"codename": "add_userprofile", "name": "Can add user profile", "content_type": 7}}, {"pk": 20, "model": "auth.permission", "fields": {"codename": "change_userprofile", "name": "Can change user profile", "content_type": 7}}, {"pk": 21, "model": "auth.permission", "fields": {"codename": "delete_userprofile", "name": "Can delete user profile", "content_type": 7}}, {"pk": 22, "model": "auth.permission", "fields": {"codename": "add_batch", "name": "Can add batch", "content_type": 8}}, {"pk": 23, "model": "auth.permission", "fields": {"codename": "change_batch", "name": "Can change batch", "content_type": 8}}, {"pk": 24, "model": "auth.permission", "fields": {"codename": "delete_batch", "name": "Can delete batch", "content_type": 8}}, {"pk": 25, "model": "auth.permission", "fields": {"codename": "add_task", "name": "Can add task", "content_type": 9}}, {"pk": 26, "model": "auth.permission", "fields": {"codename": "change_task", "name": "Can change task", "content_type": 9}}, {"pk": 27, "model": "auth.permission", "fields": {"codename": "delete_task", "name": "Can delete task", "content_type": 9}}, {"pk": 28, "model": "auth.permission", "fields": {"codename": "add_tasklock", "name": "Can add task lock", "content_type": 10}}, {"pk": 29, "model": "auth.permission", "fields": {"codename": "change_tasklock", "name": "Can change task lock", "content_type": 10}}, {"pk": 30, "model": "auth.permission", "fields": {"codename": "delete_tasklock", "name": "Can delete task lock", "content_type": 10}}, {"pk": 31, "model": "auth.permission", "fields": {"codename": "add_taskanswer", "name": "Can add task answer", "content_type": 11}}, {"pk": 32, "model": "auth.permission", "fields": {"codename": "change_taskanswer", "name": "Can change task answer", "content_type": 11}}, {"pk": 33, "model": "auth.permission", "fields": {"codename": "delete_taskanswer", "name": "Can delete task answer", "content_type": 11}}, {"pk": 34, "model": "auth.permission", "fields": {"codename": "add_taskskip", "name": "Can add task skip", "content_type": 12}}, {"pk": 35, "model": "auth.permission", "fields": {"codename": "change_taskskip", "name": "Can change task skip", "content_type": 12}}, {"pk": 36, "model": "auth.permission", "fields": {"codename": "delete_taskskip", "name": "Can delete task skip", "content_type": 12}}, {"pk": 37, "model": "auth.permission", "fields": {"codename": "add_batchskip", "name": "Can add batch skip", "content_type": 13}}, {"pk": 38, "model": "auth.permission", "fields": {"codename": "change_batchskip", "name": "Can change batch skip", "content_type": 13}}, {"pk": 39, "model": "auth.permission", "fields": {"codename": "delete_batchskip", "name": "Can delete batch skip", "content_type": 13}}, {"pk": 40, "model": "auth.permission", "fields": {"codename": "add_visitor", "name": "Can add visitor", "content_type": 14}}, {"pk": 41, "model": "auth.permission", "fields": {"codename": "change_visitor", "name": "Can change visitor", "content_type": 14}}, {"pk": 42, "model": "auth.permission", "fields": {"codename": "delete_visitor", "name": "Can delete visitor", "content_type": 14}}, {"pk": 43, "model": "auth.permission", "fields": {"codename": "add_untrackeduseragent", "name": "Can add Untracked User-Agent", "content_type": 15}}, {"pk": 44, "model": "auth.permission", "fields": {"codename": "change_untrackeduseragent", "name": "Can change Untracked User-Agent", "content_type": 15}}, {"pk": 45, "model": "auth.permission", "fields": {"codename": "delete_untrackeduseragent", "name": "Can delete Untracked User-Agent", "content_type": 15}}, {"pk": 46, "model": "auth.permission", "fields": {"codename": "add_bannedip", "name": "Can add Banned IP", "content_type": 16}}, {"pk": 47, "model": "auth.permission", "fields": {"codename": "change_bannedip", "name": "Can change Banned IP", "content_type": 16}}, {"pk": 48, "model": "auth.permission", "fields": {"codename": "delete_bannedip", "name": "Can delete Banned IP", "content_type": 16}}, {"pk": 49, "model": "auth.permission", "fields": {"codename": "add_logentry", "name": "Can add log entry", "content_type": 17}}, {"pk": 50, "model": "auth.permission", "fields": {"codename": "change_logentry", "name": "Can change log entry", "content_type": 17}}, {"pk": 51, "model": "auth.permission", "fields": {"codename": "delete_logentry", "name": "Can delete log entry", "content_type": 17}}, {"pk": 1, "model": "auth.user", "fields": {"username": "root", "first_name": "", "last_name": "", "is_active": true, "is_superuser": true, "is_staff": true, "last_login": "2013-10-07T11:42:05Z", "groups": [], "user_permissions": [], "password": "pbkdf2_sha256$10000$0ggEw8ENTgKx$HfuxirDD0RJDETxSmow/yF5szNkoMtnrmNae7vksMzA=", "email": "", "date_joined": "2013-10-02T06:52:29Z"}}, {"pk": 2, "model": "auth.user", "fields": {"username": "AFT06UGRPBTEQ", "first_name": "", "last_name": "", "is_active": true, "is_superuser": false, "is_staff": false, "last_login": "2013-10-07T11:22:52Z", "groups": [], "user_permissions": [], "password": "pbkdf2_sha256$10000$OoN3stkhKdwW$HmOX02+XszmwBdBw+L3eYnnUFMFwyVjRGb3g8djf1nw=", "email": "username@hitbit.co", "date_joined": "2013-10-07T11:22:52Z"}}, {"pk": 3, "model": "auth.user", "fields": {"username": "A3QTDW5WP4GFKV", "first_name": "", "last_name": "", "is_active": true, "is_superuser": false, "is_staff": false, "last_login": "2013-10-07T11:23:22Z", "groups": [], "user_permissions": [], "password": "pbkdf2_sha256$10000$SrrwPdXrVJuZ$YCEArekTO0ObVvfHYJgQt+aTv0muPHMlpQ4e/S1YnwE=", "email": "username@hitbit.co", "date_joined": "2013-10-07T11:23:22Z"}}, {"pk": 4, "model": "auth.user", "fields": {"username": "ASFFW3A9FFHPN", "first_name": "", "last_name": "", "is_active": true, "is_superuser": false, "is_staff": false, "last_login": "2013-10-07T11:25:00Z", "groups": [], "user_permissions": [], "password": "pbkdf2_sha256$10000$d2tpkdjFIDup$HAs/WRyyMjdN+tv868A0kAmbsH+f5Abnr9hubwhu8ZY=", "email": "username@hitbit.co", "date_joined": "2013-10-07T11:25:00Z"}}, {"pk": 5, "model": "auth.user", "fields": {"username": "A33DZYZ8E2LO1D", "first_name": "", "last_name": "", "is_active": true, "is_superuser": false, "is_staff": false, "last_login": "2013-10-07T11:25:02Z", "groups": [], "user_permissions": [], "password": "pbkdf2_sha256$10000$lN3RFjz9nUkU$C5CVtTIh9zkkE5Jcwfv8wgvd/NMkvIqdQRALqSri9PM=", "email": "username@hitbit.co", "date_joined": "2013-10-07T11:25:02Z"}}, {"pk": 6, "model": "auth.user", "fields": {"username": "A2HD5XMM48KKJW", "first_name": "", "last_name": "", "is_active": true, "is_superuser": false, "is_staff": false, "last_login": "2013-10-07T11:25:22Z", "groups": [], "user_permissions": [], "password": "pbkdf2_sha256$10000$A25cKL2GwBLU$FU4Gjks6nMLt7OVN0UdYuVGdB2jxkMJoWyRT0335W0c=", "email": "username@hitbit.co", "date_joined": "2013-10-07T11:25:22Z"}}, {"pk": 7, "model": "auth.user", "fields": {"username": "AESIOQNEA97T0 ", "first_name": "", "last_name": "", "is_active": true, "is_superuser": false, "is_staff": false, "last_login": "2013-10-07T11:25:29Z", "groups": [], "user_permissions": [], "password": "pbkdf2_sha256$10000$dMWfr3cvKvIY$lTUkJ6+NQmVvcIrCmagc9LNR3iajVD5W9tI9H4phrJ8=", "email": "username@hitbit.co", "date_joined": "2013-10-07T11:25:29Z"}}, {"pk": 8, "model": "auth.user", "fields": {"username": "A21F2N8KRUFPSX", "first_name": "", "last_name": "", "is_active": true, "is_superuser": false, "is_staff": false, "last_login": "2013-10-07T11:25:32Z", "groups": [], "user_permissions": [], "password": "pbkdf2_sha256$10000$BYpA85LblQgN$7uag6XFh/kaKQt7qeA+CjgWhhGXjkMZfFfVBi0xsKBs=", "email": "username@hitbit.co", "date_joined": "2013-10-07T11:25:31Z"}}, {"pk": 9, "model": "auth.user", "fields": {"username": "AP5HF8WH24MKV", "first_name": "", "last_name": "", "is_active": true, "is_superuser": false, "is_staff": false, "last_login": "2013-10-07T11:28:49Z", "groups": [], "user_permissions": [], "password": "pbkdf2_sha256$10000$R14Wq27qIHzt$9hqt2EmGeWP/dFL3YMGX+qz1Q5EQKcRUCZ9bBt9QZyo=", "email": "username@hitbit.co", "date_joined": "2013-10-07T11:28:49Z"}}, {"pk": 10, "model": "auth.user", "fields": {"username": "A3V5IIPZ95YVKH", "first_name": "", "last_name": "", "is_active": true, "is_superuser": false, "is_staff": false, "last_login": "2013-10-07T11:30:25Z", "groups": [], "user_permissions": [], "password": "pbkdf2_sha256$10000$J0zGQahfRHPL$tse1eRwiB5/yJreMPEsjt6XgvQ/U/dZ+oBRLDuP6rv0=", "email": "username@hitbit.co", "date_joined": "2013-10-07T11:30:25Z"}}, {"pk": 11, "model": "auth.user", "fields": {"username": "A2Z4HYLKW7VXQ9", "first_name": "", "last_name": "", "is_active": true, "is_superuser": false, "is_staff": false, "last_login": "2013-10-07T11:30:26Z", "groups": [], "user_permissions": [], "password": "pbkdf2_sha256$10000$CGdQO2ON7bnq$p47kpg9knPJXqp4O2yVLTSVGF25BWbicrAJ9sTT88e0=", "email": "username@hitbit.co", "date_joined": "2013-10-07T11:30:25Z"}}, {"pk": 12, "model": "auth.user", "fields": {"username": "AVUB4GDC2GE48", "first_name": "", "last_name": "", "is_active": true, "is_superuser": false, "is_staff": false, "last_login": "2013-10-07T11:30:41Z", "groups": [], "user_permissions": [], "password": "pbkdf2_sha256$10000$KYRpF2wjGGba$AjgjFoFiEuV5GIk8m53fETaOwewzmHW3+bEGxiInvcI=", "email": "username@hitbit.co", "date_joined": "2013-10-07T11:30:41Z"}}, {"pk": 13, "model": "auth.user", "fields": {"username": "A2KJ983WWTEK4L", "first_name": "", "last_name": "", "is_active": true, "is_superuser": false, "is_staff": false, "last_login": "2013-10-07T11:30:57Z", "groups": [], "user_permissions": [], "password": "pbkdf2_sha256$10000$qHcGhzGON4aF$6A7+3JMeRXFA3d1yCVTnJXcMRCnqtfyu8ODVFdKkyPE=", "email": "username@hitbit.co", "date_joined": "2013-10-07T11:30:57Z"}}, {"pk": 14, "model": "auth.user", "fields": {"username": "A1ZPZH1UH6MXIL", "first_name": "", "last_name": "", "is_active": true, "is_superuser": false, "is_staff": false, "last_login": "2013-10-07T11:31:41Z", "groups": [], "user_permissions": [], "password": "pbkdf2_sha256$10000$rINghwRysU9z$naWseZsXXS/ttyCL3EoZTNKztEwMyMciWOlJwSWf8tE=", "email": "username@hitbit.co", "date_joined": "2013-10-07T11:31:41Z"}}, {"pk": 15, "model": "auth.user", "fields": {"username": "AI45NDJPUIOEJ", "first_name": "", "last_name": "", "is_active": true, "is_superuser": false, "is_staff": false, "last_login": "2013-10-07T11:32:45Z", "groups": [], "user_permissions": [], "password": "pbkdf2_sha256$10000$Vx6MsBHHYXtb$1cP/gJMcbmxHhID1OvNp/R3Dv5KvXSRTofg33+qYHBE=", "email": "username@hitbit.co", "date_joined": "2013-10-07T11:32:45Z"}}, {"pk": 16, "model": "auth.user", "fields": {"username": "A266KTWY0HBD2F", "first_name": "", "last_name": "", "is_active": true, "is_superuser": false, "is_staff": false, "last_login": "2013-10-07T11:36:13Z", "groups": [], "user_permissions": [], "password": "pbkdf2_sha256$10000$vIdd9jeeKxWc$y8QAiIy6dtbu4PHUmD/BWvYK8NkjT72XWH3ekmRWiSg=", "email": "username@hitbit.co", "date_joined": "2013-10-07T11:36:13Z"}}, {"pk": 1, "model": "accounts.userprofile", "fields": {"credit": 0.15, "score": 0, "user": 2}}, {"pk": 2, "model": "accounts.userprofile", "fields": {"credit": 0.09, "score": 0, "user": 3}}, {"pk": 3, "model": "accounts.userprofile", "fields": {"credit": 1.58, "score": 0, "user": 4}}, {"pk": 4, "model": "accounts.userprofile", "fields": {"credit": 1.24, "score": 0, "user": 5}}, {"pk": 5, "model": "accounts.userprofile", "fields": {"credit": 0.79, "score": 0, "user": 6}}, {"pk": 6, "model": "accounts.userprofile", "fields": {"credit": 0.5, "score": 0, "user": 7}}, {"pk": 7, "model": "accounts.userprofile", "fields": {"credit": 0.69, "score": 0, "user": 8}}, {"pk": 8, "model": "accounts.userprofile", "fields": {"credit": 0.94, "score": 0, "user": 9}}, {"pk": 9, "model": "accounts.userprofile", "fields": {"credit": 0.13, "score": 0, "user": 10}}, {"pk": 10, "model": "accounts.userprofile", "fields": {"credit": 0.32, "score": 0, "user": 11}}, {"pk": 11, "model": "accounts.userprofile", "fields": {"credit": 0.5, "score": 0, "user": 12}}, {"pk": 12, "model": "accounts.userprofile", "fields": {"credit": 0.35, "score": 0, "user": 13}}, {"pk": 13, "model": "accounts.userprofile", "fields": {"credit": 0.5, "score": 0, "user": 14}}, {"pk": 14, "model": "accounts.userprofile", "fields": {"credit": 0.25, "score": 0, "user": 15}}, {"pk": 15, "model": "accounts.userprofile", "fields": {"credit": 0.09, "score": 0, "user": 16}}, {"pk": 1, "model": "accounts.taskanswer", "fields": {"answer": "i am trying again", "task": 539, "user": 7, "submit": "2013-10-07T11:31:18Z", "elapsed": 14}}, {"pk": 2, "model": "accounts.taskanswer", "fields": {"answer": "Kanji, Japanese, Alphabetical, Latin Alphabet, Foreign, Advertisement, Sale, Pink text, Yen, black text, music", "task": 203, "user": 4, "submit": "2013-10-07T11:31:46Z", "elapsed": 75}}, {"pk": 3, "model": "accounts.taskanswer", "fields": {"answer": "zoo,children with animal,deer,zoo park,feeding to animal in zoo", "task": 201, "user": 12, "submit": "2013-10-07T11:31:57Z", "elapsed": 75}}, {"pk": 4, "model": "accounts.taskanswer", "fields": {"answer": "855-533-5893", "task": 5, "user": 5, "submit": "2013-10-07T11:31:57Z", "elapsed": 76}}, {"pk": 5, "model": "accounts.taskanswer", "fields": {"answer": "Yes, I am playing", "task": 534, "user": 14, "submit": "2013-10-07T11:32:01Z", "elapsed": 17}}, {"pk": 6, "model": "accounts.taskanswer", "fields": {"answer": "is she is done you?", "task": 531, "user": 7, "submit": "2013-10-07T11:32:04Z", "elapsed": 17}}, {"pk": 7, "model": "accounts.taskanswer", "fields": {"answer": " negative", "task": 318, "user": 13, "submit": "2013-10-07T11:32:04Z", "elapsed": 66}}, {"pk": 8, "model": "accounts.taskanswer", "fields": {"answer": "positive", "task": 315, "user": 8, "submit": "2013-10-07T11:32:07Z", "elapsed": 92}}, {"pk": 9, "model": "accounts.taskanswer", "fields": {"answer": "I can return earlier.", "task": 538, "user": 14, "submit": "2013-10-07T11:32:17Z", "elapsed": 15}}, {"pk": 10, "model": "accounts.taskanswer", "fields": {"answer": "Greeting, e-card, swing, swinging, child, kid, e-mail, amusement park", "task": 202, "user": 4, "submit": "2013-10-07T11:32:21Z", "elapsed": 35}}, {"pk": 11, "model": "accounts.taskanswer", "fields": {"answer": "please call tomorrow is possible", "task": 535, "user": 7, "submit": "2013-10-07T11:32:31Z", "elapsed": 27}}, {"pk": 12, "model": "accounts.taskanswer", "fields": {"answer": "I'M PRETTY SURE THAT EVERYTHING I'VE EVER READ SAYS THAT THE <kbd>Back</kbd> button is the right way to exit out of apps.", "task": 732, "user": 9, "submit": "2013-10-07T11:32:33Z", "elapsed": 113}}, {"pk": 13, "model": "accounts.taskanswer", "fields": {"answer": "Thanks for the quick turnaround.", "task": 532, "user": 14, "submit": "2013-10-07T11:32:40Z", "elapsed": 22}}, {"pk": 14, "model": "accounts.taskanswer", "fields": {"answer": "800-226-0225", "task": 4, "user": 6, "submit": "2013-10-07T11:32:42Z", "elapsed": 112}}, {"pk": 15, "model": "accounts.taskanswer", "fields": {"answer": "how are you?", "task": 533, "user": 7, "submit": "2013-10-07T11:32:43Z", "elapsed": 11}}, {"pk": 16, "model": "accounts.taskanswer", "fields": {"answer": "Tokyo, Japan, city, shops, traffic", "task": 205, "user": 4, "submit": "2013-10-07T11:32:43Z", "elapsed": 21}}, {"pk": 17, "model": "accounts.taskanswer", "fields": {"answer": "1-800-221-1212 ", "task": 4, "user": 5, "submit": "2013-10-07T11:32:47Z", "elapsed": 50}}, {"pk": 18, "model": "accounts.taskanswer", "fields": {"answer": " negative", "task": 309, "user": 8, "submit": "2013-10-07T11:32:50Z", "elapsed": 42}}, {"pk": 19, "model": "accounts.taskanswer", "fields": {"answer": "I'm tired", "task": 533, "user": 4, "submit": "2013-10-07T11:32:51Z", "elapsed": 7}}, {"pk": 20, "model": "accounts.taskanswer", "fields": {"answer": "jaint wheel,child playing,swinning,swinning of a child", "task": 202, "user": 12, "submit": "2013-10-07T11:32:51Z", "elapsed": 54}}, {"pk": 21, "model": "accounts.taskanswer", "fields": {"answer": "positive", "task": 326, "user": 13, "submit": "2013-10-07T11:33:02Z", "elapsed": 57}}, {"pk": 22, "model": "accounts.taskanswer", "fields": {"answer": "I am trying", "task": 539, "user": 4, "submit": "2013-10-07T11:33:03Z", "elapsed": 12}}, {"pk": 23, "model": "accounts.taskanswer", "fields": {"answer": "better life seems awful.", "task": 730, "user": 9, "submit": "2013-10-07T11:33:06Z", "elapsed": 33}}, {"pk": 24, "model": "accounts.taskanswer", "fields": {"answer": "Are you going to join us for lunch?\r\n", "task": 530, "user": 14, "submit": "2013-10-07T11:33:07Z", "elapsed": 26}}, {"pk": 25, "model": "accounts.taskanswer", "fields": {"answer": "Yes, I am playing.", "task": 534, "user": 4, "submit": "2013-10-07T11:33:14Z", "elapsed": 11}}, {"pk": 26, "model": "accounts.taskanswer", "fields": {"answer": "Thanks for the quick turnaround.", "task": 532, "user": 4, "submit": "2013-10-07T11:33:24Z", "elapsed": 10}}, {"pk": 27, "model": "accounts.taskanswer", "fields": {"answer": "Album & Single", "task": 203, "user": 7, "submit": "2013-10-07T11:33:25Z", "elapsed": 24}}, {"pk": 28, "model": "accounts.taskanswer", "fields": {"answer": "Please call tomorrow if possible.", "task": 535, "user": 14, "submit": "2013-10-07T11:33:26Z", "elapsed": 19}}, {"pk": 29, "model": "accounts.taskanswer", "fields": {"answer": "positive", "task": 320, "user": 8, "submit": "2013-10-07T11:33:33Z", "elapsed": 43}}, {"pk": 30, "model": "accounts.taskanswer", "fields": {"answer": "I can return earlier.", "task": 538, "user": 4, "submit": "2013-10-07T11:33:33Z", "elapsed": 8}}, {"pk": 31, "model": "accounts.taskanswer", "fields": {"answer": "1-800-456-3355 ", "task": 2, "user": 11, "submit": "2013-10-07T11:33:36Z", "elapsed": 157}}, {"pk": 32, "model": "accounts.taskanswer", "fields": {"answer": "We are all fragile.", "task": 536, "user": 4, "submit": "2013-10-07T11:33:41Z", "elapsed": 8}}, {"pk": 33, "model": "accounts.taskanswer", "fields": {"answer": "Is she done yet?", "task": 531, "user": 14, "submit": "2013-10-07T11:33:43Z", "elapsed": 16}}, {"pk": 34, "model": "accounts.taskanswer", "fields": {"answer": "positive", "task": 315, "user": 12, "submit": "2013-10-07T11:33:46Z", "elapsed": 44}}, {"pk": 35, "model": "accounts.taskanswer", "fields": {"answer": "1-800-433-9014 ", "task": 2, "user": 6, "submit": "2013-10-07T11:33:47Z", "elapsed": 64}}, {"pk": 36, "model": "accounts.taskanswer", "fields": {"answer": "1 (800) 543-3090", "task": 1, "user": 5, "submit": "2013-10-07T11:33:49Z", "elapsed": 62}}, {"pk": 37, "model": "accounts.taskanswer", "fields": {"answer": "Please call tomorrow if possible.", "task": 535, "user": 4, "submit": "2013-10-07T11:33:51Z", "elapsed": 10}}, {"pk": 38, "model": "accounts.taskanswer", "fields": {"answer": "positive", "task": 316, "user": 8, "submit": "2013-10-07T11:33:52Z", "elapsed": 19}}, {"pk": 39, "model": "accounts.taskanswer", "fields": {"answer": "are there any issues already occurred with android 2.2? ", "task": 731, "user": 9, "submit": "2013-10-07T11:33:54Z", "elapsed": 47}}, {"pk": 40, "model": "accounts.taskanswer", "fields": {"answer": "I am trying again.", "task": 539, "user": 14, "submit": "2013-10-07T11:33:59Z", "elapsed": 15}}, {"pk": 41, "model": "accounts.taskanswer", "fields": {"answer": "Are you going to join us for lunch?", "task": 530, "user": 4, "submit": "2013-10-07T11:34:01Z", "elapsed": 10}}, {"pk": 42, "model": "accounts.taskanswer", "fields": {"answer": "I would like to attend if so.", "task": 537, "user": 4, "submit": "2013-10-07T11:34:11Z", "elapsed": 10}}, {"pk": 43, "model": "accounts.taskanswer", "fields": {"answer": "BTW mine is a nexus one ", "task": 734, "user": 9, "submit": "2013-10-07T11:34:15Z", "elapsed": 20}}, {"pk": 44, "model": "accounts.taskanswer", "fields": {"answer": "positive", "task": 312, "user": 12, "submit": "2013-10-07T11:34:16Z", "elapsed": 30}}, {"pk": 45, "model": "accounts.taskanswer", "fields": {"answer": "I would like to attend if so.", "task": 537, "user": 14, "submit": "2013-10-07T11:34:17Z", "elapsed": 17}}, {"pk": 46, "model": "accounts.taskanswer", "fields": {"answer": "Is she done yet?", "task": 531, "user": 4, "submit": "2013-10-07T11:34:19Z", "elapsed": 8}}, {"pk": 47, "model": "accounts.taskanswer", "fields": {"answer": "positive", "task": 326, "user": 8, "submit": "2013-10-07T11:34:26Z", "elapsed": 33}}, {"pk": 48, "model": "accounts.taskanswer", "fields": {"answer": "We are all fragile.", "task": 536, "user": 14, "submit": "2013-10-07T11:34:30Z", "elapsed": 12}}, {"pk": 49, "model": "accounts.taskanswer", "fields": {"answer": "Sexy,nightmare, glamour, hot", "task": 204, "user": 13, "submit": "2013-10-07T11:34:35Z", "elapsed": 93}}, {"pk": 50, "model": "accounts.taskanswer", "fields": {"answer": "1-800-WWW-DELL", "task": 2, "user": 5, "submit": "2013-10-07T11:34:40Z", "elapsed": 51}}, {"pk": 51, "model": "accounts.taskanswer", "fields": {"answer": "i'm prettyy sure that everying i've ever read says that the <kbd>Back</kbd>button is the right way to exit out of apps.", "task": 732, "user": 7, "submit": "2013-10-07T11:34:42Z", "elapsed": 76}}, {"pk": 52, "model": "accounts.taskanswer", "fields": {"answer": "How are you?", "task": 533, "user": 14, "submit": "2013-10-07T11:34:42Z", "elapsed": 11}}, {"pk": 53, "model": "accounts.taskanswer", "fields": {"answer": "Magazine, celeb, celebrity, gossip, trashy, OK, relationships", "task": 204, "user": 4, "submit": "2013-10-07T11:34:48Z", "elapsed": 29}}, {"pk": 54, "model": "accounts.taskanswer", "fields": {"answer": "positive", "task": 318, "user": 8, "submit": "2013-10-07T11:34:48Z", "elapsed": 22}}, {"pk": 55, "model": "accounts.taskanswer", "fields": {"answer": "probably i will change ROM often, so my question.", "task": 733, "user": 9, "submit": "2013-10-07T11:34:50Z", "elapsed": 35}}, {"pk": 56, "model": "accounts.taskanswer", "fields": {"answer": " negative", "task": 319, "user": 12, "submit": "2013-10-07T11:35:09Z", "elapsed": 52}}, {"pk": 57, "model": "accounts.taskanswer", "fields": {"answer": "positive", "task": 321, "user": 4, "submit": "2013-10-07T11:35:12Z", "elapsed": 24}}, {"pk": 58, "model": "accounts.taskanswer", "fields": {"answer": "positive", "task": 316, "user": 4, "submit": "2013-10-07T11:35:20Z", "elapsed": 8}}, {"pk": 59, "model": "accounts.taskanswer", "fields": {"answer": "amusement park,", "task": 202, "user": 15, "submit": "2013-10-07T11:35:20Z", "elapsed": 121}}, {"pk": 60, "model": "accounts.taskanswer", "fields": {"answer": "positive", "task": 326, "user": 12, "submit": "2013-10-07T11:35:24Z", "elapsed": 15}}, {"pk": 61, "model": "accounts.taskanswer", "fields": {"answer": "goat, animal, zoo, mesh, eating", "task": 201, "user": 6, "submit": "2013-10-07T11:35:29Z", "elapsed": 42}}, {"pk": 62, "model": "accounts.taskanswer", "fields": {"answer": "It is fragile.", "task": 536, "user": 13, "submit": "2013-10-07T11:35:30Z", "elapsed": 55}}, {"pk": 63, "model": "accounts.taskanswer", "fields": {"answer": "yes, i am playing. ", "task": 534, "user": 9, "submit": "2013-10-07T11:35:31Z", "elapsed": 24}}, {"pk": 64, "model": "accounts.taskanswer", "fields": {"answer": "positive", "task": 310, "user": 4, "submit": "2013-10-07T11:35:32Z", "elapsed": 11}}, {"pk": 65, "model": "accounts.taskanswer", "fields": {"answer": "positive", "task": 325, "user": 4, "submit": "2013-10-07T11:35:42Z", "elapsed": 9}}, {"pk": 66, "model": "accounts.taskanswer", "fields": {"answer": "batter life seems awful.", "task": 730, "user": 7, "submit": "2013-10-07T11:35:46Z", "elapsed": 27}}, {"pk": 67, "model": "accounts.taskanswer", "fields": {"answer": " neutral", "task": 323, "user": 12, "submit": "2013-10-07T11:35:48Z", "elapsed": 23}}, {"pk": 68, "model": "accounts.taskanswer", "fields": {"answer": "going to join lunch today", "task": 530, "user": 13, "submit": "2013-10-07T11:35:53Z", "elapsed": 22}}, {"pk": 69, "model": "accounts.taskanswer", "fields": {"answer": " negative", "task": 322, "user": 4, "submit": "2013-10-07T11:35:56Z", "elapsed": 14}}, {"pk": 70, "model": "accounts.taskanswer", "fields": {"answer": "i would like to attend if so.", "task": 537, "user": 9, "submit": "2013-10-07T11:35:59Z", "elapsed": 27}}, {"pk": 71, "model": "accounts.taskanswer", "fields": {"answer": "I'm pretty sure that everything I've ever read says that the Back button is the right way to exit out of apps.", "task": 732, "user": 14, "submit": "2013-10-07T11:35:59Z", "elapsed": 76}}, {"pk": 72, "model": "accounts.taskanswer", "fields": {"answer": " negative", "task": 311, "user": 12, "submit": "2013-10-07T11:36:02Z", "elapsed": 13}}, {"pk": 73, "model": "accounts.taskanswer", "fields": {"answer": "1-404-209-3434", "task": 4, "user": 8, "submit": "2013-10-07T11:36:06Z", "elapsed": 78}}, {"pk": 74, "model": "accounts.taskanswer", "fields": {"answer": "I can return earlier", "task": 538, "user": 13, "submit": "2013-10-07T11:36:06Z", "elapsed": 12}}, {"pk": 75, "model": "accounts.taskanswer", "fields": {"answer": " negative", "task": 308, "user": 4, "submit": "2013-10-07T11:36:08Z", "elapsed": 12}}, {"pk": 76, "model": "accounts.taskanswer", "fields": {"answer": "chinese mall, mall, building, tall building, duty free shop", "task": 205, "user": 6, "submit": "2013-10-07T11:36:13Z", "elapsed": 44}}, {"pk": 77, "model": "accounts.taskanswer", "fields": {"answer": "Are there any issues already occurred with Android 2.2?", "task": 731, "user": 14, "submit": "2013-10-07T11:36:21Z", "elapsed": 21}}, {"pk": 78, "model": "accounts.taskanswer", "fields": {"answer": " neutral", "task": 311, "user": 4, "submit": "2013-10-07T11:36:24Z", "elapsed": 16}}, {"pk": 79, "model": "accounts.taskanswer", "fields": {"answer": "800-784-7389", "task": 5, "user": 11, "submit": "2013-10-07T11:36:27Z", "elapsed": 170}}, {"pk": 80, "model": "accounts.taskanswer", "fields": {"answer": "1] 248.813.2000", "task": 3, "user": 5, "submit": "2013-10-07T11:36:29Z", "elapsed": 109}}, {"pk": 81, "model": "accounts.taskanswer", "fields": {"answer": "thanks for the quick turnaround. ", "task": 532, "user": 9, "submit": "2013-10-07T11:36:30Z", "elapsed": 31}}, {"pk": 82, "model": "accounts.taskanswer", "fields": {"answer": "Better life seems awful.", "task": 730, "user": 14, "submit": "2013-10-07T11:36:37Z", "elapsed": 15}}, {"pk": 83, "model": "accounts.taskanswer", "fields": {"answer": "Goat, zoo, feeding, fence, animal, food", "task": 201, "user": 4, "submit": "2013-10-07T11:36:45Z", "elapsed": 20}}, {"pk": 84, "model": "accounts.taskanswer", "fields": {"answer": "gossip,magazine,celebrity", "task": 204, "user": 15, "submit": "2013-10-07T11:36:46Z", "elapsed": 85}}, {"pk": 85, "model": "accounts.taskanswer", "fields": {"answer": "there are  any issues already occured with Android 2.2?", "task": 731, "user": 7, "submit": "2013-10-07T11:36:51Z", "elapsed": 64}}, {"pk": 86, "model": "accounts.taskanswer", "fields": {"answer": "\"Delphi Corp.\"", "task": 3, "user": 9, "submit": "2013-10-07T11:37:07Z", "elapsed": 17}}, {"pk": 87, "model": "accounts.taskanswer", "fields": {"answer": "album, music, price, available", "task": 203, "user": 5, "submit": "2013-10-07T11:37:10Z", "elapsed": 29}}, {"pk": 88, "model": "accounts.taskanswer", "fields": {"answer": "positive", "task": 323, "user": 6, "submit": "2013-10-07T11:37:10Z", "elapsed": 37}}, {"pk": 89, "model": "accounts.taskanswer", "fields": {"answer": " neutral", "task": 324, "user": 9, "submit": "2013-10-07T11:37:20Z", "elapsed": 4}}, {"pk": 90, "model": "accounts.taskanswer", "fields": {"answer": "I will change probably ROM often, so my question.", "task": 733, "user": 7, "submit": "2013-10-07T11:37:24Z", "elapsed": 32}}, {"pk": 91, "model": "accounts.taskanswer", "fields": {"answer": "By the way mine is a nexus one", "task": 734, "user": 14, "submit": "2013-10-07T11:37:28Z", "elapsed": 50}}, {"pk": 92, "model": "accounts.taskanswer", "fields": {"answer": "positive", "task": 310, "user": 9, "submit": "2013-10-07T11:37:28Z", "elapsed": 8}}, {"pk": 93, "model": "accounts.taskanswer", "fields": {"answer": " neutral", "task": 320, "user": 9, "submit": "2013-10-07T11:37:33Z", "elapsed": 4}}, {"pk": 94, "model": "accounts.taskanswer", "fields": {"answer": "By the way, mine is a Nexus One.", "task": 734, "user": 4, "submit": "2013-10-07T11:37:41Z", "elapsed": 12}}, {"pk": 95, "model": "accounts.taskanswer", "fields": {"answer": " neutral", "task": 325, "user": 9, "submit": "2013-10-07T11:38:02Z", "elapsed": 28}}, {"pk": 96, "model": "accounts.taskanswer", "fields": {"answer": "will i change ROM often?", "task": 733, "user": 12, "submit": "2013-10-07T11:38:02Z", "elapsed": 60}}, {"pk": 97, "model": "accounts.taskanswer", "fields": {"answer": "downtown,Japan", "task": 205, "user": 15, "submit": "2013-10-07T11:38:02Z", "elapsed": 75}}, {"pk": 98, "model": "accounts.taskanswer", "fields": {"answer": "positive", "task": 319, "user": 11, "submit": "2013-10-07T11:38:02Z", "elapsed": 95}}, {"pk": 99, "model": "accounts.taskanswer", "fields": {"answer": "positive", "task": 327, "user": 4, "submit": "2013-10-07T11:38:07Z", "elapsed": 4}}, {"pk": 100, "model": "accounts.taskanswer", "fields": {"answer": "positive", "task": 313, "user": 4, "submit": "2013-10-07T11:38:26Z", "elapsed": 18}}, {"pk": 101, "model": "accounts.taskanswer", "fields": {"answer": "positive", "task": 315, "user": 5, "submit": "2013-10-07T11:38:31Z", "elapsed": 28}}, {"pk": 102, "model": "accounts.taskanswer", "fields": {"answer": "positive", "task": 314, "user": 4, "submit": "2013-10-07T11:38:34Z", "elapsed": 7}}, {"pk": 103, "model": "accounts.taskanswer", "fields": {"answer": "positive", "task": 323, "user": 4, "submit": "2013-10-07T11:38:40Z", "elapsed": 6}}, {"pk": 104, "model": "accounts.taskanswer", "fields": {"answer": " neutral", "task": 317, "user": 6, "submit": "2013-10-07T11:38:41Z", "elapsed": 90}}, {"pk": 105, "model": "accounts.taskanswer", "fields": {"answer": "positive", "task": 312, "user": 5, "submit": "2013-10-07T11:38:43Z", "elapsed": 11}}, {"pk": 106, "model": "accounts.taskanswer", "fields": {"answer": " negative", "task": 322, "user": 15, "submit": "2013-10-07T11:38:44Z", "elapsed": 42}}, {"pk": 107, "model": "accounts.taskanswer", "fields": {"answer": "\r\n800-543-3090", "task": 1, "user": 8, "submit": "2013-10-07T11:38:47Z", "elapsed": 161}}, {"pk": 108, "model": "accounts.taskanswer", "fields": {"answer": "positive", "task": 320, "user": 4, "submit": "2013-10-07T11:38:47Z", "elapsed": 6}}, {"pk": 109, "model": "accounts.taskanswer", "fields": {"answer": "positive", "task": 312, "user": 4, "submit": "2013-10-07T11:38:55Z", "elapsed": 7}}, {"pk": 110, "model": "accounts.taskanswer", "fields": {"answer": " neutral", "task": 309, "user": 6, "submit": "2013-10-07T11:38:59Z", "elapsed": 18}}, {"pk": 111, "model": "accounts.taskanswer", "fields": {"answer": "positive", "task": 317, "user": 4, "submit": "2013-10-07T11:39:01Z", "elapsed": 6}}, {"pk": 112, "model": "accounts.taskanswer", "fields": {"answer": "positive", "task": 310, "user": 5, "submit": "2013-10-07T11:39:01Z", "elapsed": 18}}, {"pk": 113, "model": "accounts.taskanswer", "fields": {"answer": "651-787-1068", "task": 5, "user": 13, "submit": "2013-10-07T11:39:04Z", "elapsed": 155}}, {"pk": 114, "model": "accounts.taskanswer", "fields": {"answer": "positive", "task": 327, "user": 6, "submit": "2013-10-07T11:39:06Z", "elapsed": 6}}, {"pk": 115, "model": "accounts.taskanswer", "fields": {"answer": "positive", "task": 324, "user": 4, "submit": "2013-10-07T11:39:09Z", "elapsed": 8}}, {"pk": 116, "model": "accounts.taskanswer", "fields": {"answer": "800-543-3090 ", "task": 1, "user": 10, "submit": "2013-10-07T11:39:09Z", "elapsed": 159}}, {"pk": 117, "model": "accounts.taskanswer", "fields": {"answer": " neutral", "task": 309, "user": 9, "submit": "2013-10-07T11:39:18Z", "elapsed": 4}}, {"pk": 118, "model": "accounts.taskanswer", "fields": {"answer": "positive", "task": 314, "user": 6, "submit": "2013-10-07T11:39:22Z", "elapsed": 15}}, {"pk": 119, "model": "accounts.taskanswer", "fields": {"answer": " negative", "task": 308, "user": 5, "submit": "2013-10-07T11:39:24Z", "elapsed": 22}}, {"pk": 120, "model": "accounts.taskanswer", "fields": {"answer": "positive", "task": 313, "user": 9, "submit": "2013-10-07T11:39:25Z", "elapsed": 7}}, {"pk": 121, "model": "accounts.taskanswer", "fields": {"answer": " neutral", "task": 319, "user": 4, "submit": "2013-10-07T11:39:27Z", "elapsed": 17}}, {"pk": 122, "model": "accounts.taskanswer", "fields": {"answer": "positive", "task": 316, "user": 9, "submit": "2013-10-07T11:39:31Z", "elapsed": 5}}, {"pk": 123, "model": "accounts.taskanswer", "fields": {"answer": "positive", "task": 314, "user": 5, "submit": "2013-10-07T11:39:34Z", "elapsed": 10}}, {"pk": 124, "model": "accounts.taskanswer", "fields": {"answer": " neutral", "task": 311, "user": 9, "submit": "2013-10-07T11:39:34Z", "elapsed": 3}}, {"pk": 125, "model": "accounts.taskanswer", "fields": {"answer": " negative", "task": 308, "user": 9, "submit": "2013-10-07T11:39:38Z", "elapsed": 3}}, {"pk": 126, "model": "accounts.taskanswer", "fields": {"answer": "positive", "task": 327, "user": 5, "submit": "2013-10-07T11:39:39Z", "elapsed": 4}}, {"pk": 127, "model": "accounts.taskanswer", "fields": {"answer": "positive", "task": 313, "user": 6, "submit": "2013-10-07T11:39:44Z", "elapsed": 22}}, {"pk": 128, "model": "accounts.taskanswer", "fields": {"answer": "positive", "task": 317, "user": 9, "submit": "2013-10-07T11:39:45Z", "elapsed": 6}}, {"pk": 129, "model": "accounts.taskanswer", "fields": {"answer": " neutral", "task": 318, "user": 4, "submit": "2013-10-07T11:39:48Z", "elapsed": 21}}, {"pk": 130, "model": "accounts.taskanswer", "fields": {"answer": "positive", "task": 321, "user": 5, "submit": "2013-10-07T11:39:54Z", "elapsed": 14}}, {"pk": 131, "model": "accounts.taskanswer", "fields": {"answer": "positive", "task": 324, "user": 5, "submit": "2013-10-07T11:40:05Z", "elapsed": 11}}, {"pk": 132, "model": "accounts.taskanswer", "fields": {"answer": "positive", "task": 321, "user": 6, "submit": "2013-10-07T11:40:11Z", "elapsed": 26}}, {"pk": 133, "model": "accounts.taskanswer", "fields": {"answer": "positive", "task": 325, "user": 5, "submit": "2013-10-07T11:40:14Z", "elapsed": 9}}, {"pk": 134, "model": "accounts.taskanswer", "fields": {"answer": " neutral", "task": 322, "user": 16, "submit": "2013-10-07T11:41:06Z", "elapsed": 183}}, {"pk": 135, "model": "accounts.taskanswer", "fields": {"answer": "877-463-3574", "task": 3, "user": 12, "submit": "2013-10-07T11:41:14Z", "elapsed": 191}}, {"pk": 1, "model": "accounts.taskskip", "fields": {"task": 534, "user": 7, "submit": "2013-10-07T11:31:04Z", "elapsed": 28}}, {"pk": 2, "model": "accounts.taskskip", "fields": {"task": 532, "user": 7, "submit": "2013-10-07T11:31:37Z", "elapsed": 18}}, {"pk": 3, "model": "accounts.taskskip", "fields": {"task": 537, "user": 7, "submit": "2013-10-07T11:31:46Z", "elapsed": 9}}, {"pk": 4, "model": "accounts.taskskip", "fields": {"task": 204, "user": 7, "submit": "2013-10-07T11:32:51Z", "elapsed": 8}}, {"pk": 5, "model": "accounts.taskskip", "fields": {"task": 202, "user": 7, "submit": "2013-10-07T11:32:56Z", "elapsed": 4}}, {"pk": 6, "model": "accounts.taskskip", "fields": {"task": 201, "user": 7, "submit": "2013-10-07T11:33:00Z", "elapsed": 3}}, {"pk": 7, "model": "accounts.taskskip", "fields": {"task": 538, "user": 7, "submit": "2013-10-07T11:34:53Z", "elapsed": 10}}, {"pk": 8, "model": "accounts.taskskip", "fields": {"task": 203, "user": 9, "submit": "2013-10-07T11:34:55Z", "elapsed": 4}}, {"pk": 9, "model": "accounts.taskskip", "fields": {"task": 530, "user": 7, "submit": "2013-10-07T11:34:58Z", "elapsed": 5}}, {"pk": 10, "model": "accounts.taskskip", "fields": {"task": 204, "user": 9, "submit": "2013-10-07T11:35:07Z", "elapsed": 11}}, {"pk": 11, "model": "accounts.taskskip", "fields": {"task": 203, "user": 6, "submit": "2013-10-07T11:36:22Z", "elapsed": 8}}, {"pk": 12, "model": "accounts.taskskip", "fields": {"task": 205, "user": 9, "submit": "2013-10-07T11:36:38Z", "elapsed": 7}}, {"pk": 13, "model": "accounts.taskskip", "fields": {"task": 319, "user": 9, "submit": "2013-10-07T11:37:16Z", "elapsed": 9}}, {"pk": 1, "model": "accounts.batchskip", "fields": {"user": 12, "submit": "2013-10-07T11:33:01Z", "batch": 2}}, {"pk": 2, "model": "accounts.batchskip", "fields": {"user": 15, "submit": "2013-10-07T11:33:19Z", "batch": 5}}, {"pk": 3, "model": "accounts.batchskip", "fields": {"user": 6, "submit": "2013-10-07T11:34:46Z", "batch": 1}}, {"pk": 4, "model": "accounts.batchskip", "fields": {"user": 12, "submit": "2013-10-07T11:37:02Z", "batch": 3}}, {"pk": 5, "model": "accounts.batchskip", "fields": {"user": 4, "submit": "2013-10-07T11:37:29Z", "batch": 1}}, {"pk": 1, "model": "tracking.visitor", "fields": {"session_start": "2013-10-07T11:20:48Z", "url": "/accounts/login", "referrer": "unknown", "page_views": 5, "last_update": "2013-10-07T11:43:39Z", "user": null, "session_key": "eft2md98uxa93vdmztu0nlo47ouuxefk", "ip_address": "178.83.184.107", "user_agent": "Mozilla/5.0 (Macintosh; Intel Mac OS X 10_8_2) AppleWebKit/537.36 (KHTML, like Gecko) Chrome/29.0.1547.76 Safari/537.36"}}, {"pk": 2, "model": "tracking.visitor", "fields": {"session_start": "2013-10-07T11:22:46Z", "url": "/", "referrer": "http://www.gianlucademartini.net/mturkFast/index.php?assignmentId=25CCJ011K274J961VZX1CN48QQSCA2&hitId=2YXL42J1LY58B9ZOR39GJKHG973P48&workerId=AFT06UGRPBTEQ&turkSubmitTo=https%3A%2F%2Fwww.mturk.com", "page_views": 38, "last_update": "2013-10-07T11:27:34Z", "user": 2, "session_key": "tewsj7n4bth2bhz26xsruku1mzshekly", "ip_address": "69.137.212.87", "user_agent": "Mozilla/5.0 (Windows NT 6.2; WOW64) AppleWebKit/537.36 (KHTML, like Gecko) Chrome/30.0.1599.69 Safari/537.36"}}, {"pk": 3, "model": "tracking.visitor", "fields": {"session_start": "2013-10-07T11:23:10Z", "url": "/", "referrer": "http://www.gianlucademartini.net/mturkFast/index.php?assignmentId=2LSHFL42J1LY5A8O7AD0MGFMD6EN2O&hitId=2YXL42J1LY58B9ZOR39GJKHG973P48&workerId=A3QTDW5WP4GFKV&turkSubmitTo=https%3A%2F%2Fwww.mturk.com", "page_views": 24, "last_update": "2013-10-07T11:30:06Z", "user": 3, "session_key": "1bycdyrzgaaa1gcegc3o0q04trgijdm3", "ip_address": "174.54.143.244", "user_agent": "Mozilla/5.0 (compatible; MSIE 10.0; Windows NT 6.1; Trident/6.0)"}}, {"pk": 4, "model": "tracking.visitor", "fields": {"session_start": "2013-10-07T11:24:52Z", "url": "/", "referrer": "http://www.gianlucademartini.net/mturkFast/index.php?assignmentId=2IBIA0RYNJ92NLH3582MNTUJUPG83X&hitId=2YXL42J1LY58B9ZOR39GJKHG973P48&workerId=ASFFW3A9FFHPN&turkSubmitTo=https%3A%2F%2Fwww.mturk.com", "page_views": 116, "last_update": "2013-10-07T11:39:48Z", "user": 4, "session_key": "l1t6ikd39nmb970k5cc1erxf91ttndk8", "ip_address": "174.74.57.160", "user_agent": "Mozilla/5.0 (Windows NT 6.0) AppleWebKit/537.36 (KHTML, like Gecko) Chrome/30.0.1599.69 Safari/537.36"}}, {"pk": 5, "model": "tracking.visitor", "fields": {"session_start": "2013-10-07T11:24:54Z", "url": "/", "referrer": "unknown", "page_views": 116, "last_update": "2013-10-07T11:41:10Z", "user": 5, "session_key": "mloyb4tz142mbc2qemr0xgww6en0qhoz", "ip_address": "99.73.182.81", "user_agent": "Mozilla/5.0 (Windows NT 6.1; WOW64) AppleWebKit/534.57.2 (KHTML, like Gecko) Version/5.1.7 Safari/534.57.2"}}, {"pk": 6, "model": "tracking.visitor", "fields": {"session_start": "2013-10-07T11:24:56Z", "url": "/favicon.ico", "referrer": "http://www.gianlucademartini.net/mturkFast/index.php?assignmentId=2GGQ1SNQQ7Q6722IVN3NV12VM5ES88&hitId=2YXL42J1LY58B9ZOR39GJKHG973P48&workerId=AESIOQNEA97T0&turkSubmitTo=https%3A%2F%2Fwww.mturk.com", "page_views": 137, "last_update": "2013-10-07T11:42:18Z", "user": 7, "session_key": "iw0zpyuyzns07mhxmw3ebjj5qp7u6h9i", "ip_address": "117.221.243.183", "user_agent": "Mozilla/5.0 (Windows NT 5.1) AppleWebKit/537.1 (KHTML, like Gecko) Chrome/22.0.1207.1 Safari/537.1"}}, {"pk": 7, "model": "tracking.visitor", "fields": {"session_start": "2013-10-07T11:25:07Z", "url": "/", "referrer": "http://www.gianlucademartini.net/mturkFast/index.php?assignmentId=26NOX7H57DZKPHBLJJ4HHM27H1W0AY&hitId=2YXL42J1LY58B9ZOR39GJKHG973P48&workerId=A2HD5XMM48KKJW&turkSubmitTo=https%3A%2F%2Fwww.mturk.com", "page_views": 87, "last_update": "2013-10-07T11:42:11Z", "user": 6, "session_key": "omdazypcao7n32kq7gbftqzdv4kxju2y", "ip_address": "101.220.170.162", "user_agent": "Mozilla/5.0 (Windows NT 6.1; WOW64) AppleWebKit/537.36 (KHTML, like Gecko) Chrome/30.0.1599.69 Safari/537.36"}}, {"pk": 8, "model": "tracking.visitor", "fields": {"session_start": "2013-10-07T11:25:18Z", "url": "/", "referrer": "http://www.gianlucademartini.net/mturkFast/index.php?assignmentId=2LUYU98JHSTLB5IHKEA9MOBLAC4PDV&hitId=2YXL42J1LY58B9ZOR39GJKHG973P48&workerId=A21F2N8KRUFPSX&turkSubmitTo=https%3A%2F%2Fwww.mturk.com", "page_views": 74, "last_update": "2013-10-07T11:41:21Z", "user": 8, "session_key": "mibg8urfgxmoxs5zhc1dlbnvuck3i6tx", "ip_address": "101.63.156.127", "user_agent": "Mozilla/5.0 (Windows NT 6.0) AppleWebKit/537.36 (KHTML, like Gecko) Chrome/29.0.1547.76 Safari/537.36"}}, {"pk": 9, "model": "tracking.visitor", "fields": {"session_start": "2013-10-07T11:28:10Z", "url": "/HNAP1/", "referrer": "http://185.19.28.97/", "page_views": 1, "last_update": "2013-10-07T11:28:10Z", "user": null, "session_key": "68.67.91.210:Mozilla/5.0 (Windows; U; Wi", "ip_address": "68.67.91.210", "user_agent": "Mozilla/5.0 (Windows; U; Windows NT 5.1; de; rv:1.9.2.3) Gecko/20100401 Firefox/3.6.3 (FM Scene 4.6.1)"}}, {"pk": 10, "model": "tracking.visitor", "fields": {"session_start": "2013-10-07T11:28:14Z", "url": "/", "referrer": "http://www.gianlucademartini.net/mturkFast/index.php?assignmentId=2ZHSI2KYEPLSP921QPXWN3OCDJRNTG&hitId=2YXL42J1LY58B9ZOR39GJKHG973P48&workerId=AP5HF8WH24MKV&turkSubmitTo=https%3A%2F%2Fwww.mturk.com", "page_views": 83, "last_update": "2013-10-07T11:41:29Z", "user": 9, "session_key": "4suw8s0i0eliqryfv9w1tg51lbnqvr60", "ip_address": "117.204.177.210", "user_agent": "Mozilla/5.0 (Windows; U; Windows NT 5.1; en-US; rv:1.9.0.19) Gecko/2010031422 Firefox/3.0.19"}}, {"pk": 11, "model": "tracking.visitor", "fields": {"session_start": "2013-10-07T11:29:37Z", "url": "/favicon.ico", "referrer": "http://www.gianlucademartini.net/mturkFast/index.php?assignmentId=2TMNU8LZ6R70G7OQDGZJ7VE9SL65L6&hitId=2YXL42J1LY58B9ZOR39GJKHG973P48&workerId=A3V5IIPZ95YVKH&turkSubmitTo=https%3A%2F%2Fwww.mturk.com", "page_views": 13, "last_update": "2013-10-07T11:41:33Z", "user": null, "session_key": "14.96.76.171:Mozilla/5.0 (Windows NT 6.2", "ip_address": "14.96.76.171", "user_agent": "Mozilla/5.0 (Windows NT 6.2; WOW64) AppleWebKit/537.31 (KHTML, like Gecko) Chrome/26.0.1410.43 Safari/537.31"}}, {"pk": 12, "model": "tracking.visitor", "fields": {"session_start": "2013-10-07T11:30:02Z", "url": "/", "referrer": "http://www.gianlucademartini.net/mturkFast/index.php?assignmentId=28O2GTP9RA7S5YJIBCPSSF72FFUVQR&hitId=2YXL42J1LY58B9ZOR39GJKHG973P48&workerId=A2Z4HYLKW7VXQ9&turkSubmitTo=https%3A%2F%2Fwww.mturk.com", "page_views": 42, "last_update": "2013-10-07T11:41:15Z", "user": 11, "session_key": "ntcr8e6wk9n9hp2nutj9jkuf1iutvpr3", "ip_address": "183.82.211.78", "user_agent": "Mozilla/5.0 (Windows NT 6.1; WOW64) AppleWebKit/537.36 (KHTML, like Gecko) Chrome/30.0.1599.69 Safari/537.36"}}, {"pk": 13, "model": "tracking.visitor", "fields": {"session_start": "2013-10-07T11:30:08Z", "url": "/", "referrer": "http://www.gianlucademartini.net/mturkFast/index.php?assignmentId=2UEN9U8P9Y38TYTEN6JU2IM2FMOFWS&hitId=2YXL42J1LY58B9ZOR39GJKHG973P48&workerId=A2KJ983WWTEK4L&turkSubmitTo=https%3A%2F%2Fwww.mturk.com", "page_views": 30, "last_update": "2013-10-07T11:41:19Z", "user": 13, "session_key": "083dt3q2r6zd3svgqvgu2nwdzkt9846v", "ip_address": "27.59.197.164", "user_agent": "Mozilla/5.0 (Windows NT 6.2) AppleWebKit/537.36 (KHTML, like Gecko) Chrome/29.0.1547.76 Safari/537.36"}}, {"pk": 14, "model": "tracking.visitor", "fields": {"session_start": "2013-10-07T11:30:26Z", "url": "/", "referrer": "unknown", "page_views": 28, "last_update": "2013-10-07T11:41:14Z", "user": 12, "session_key": "heb1x8b9dso91rvpkadpbgbjdjhnigtv", "ip_address": "119.235.55.66", "user_agent": "Mozilla/5.0 (Windows NT 5.1) AppleWebKit/537.36 (KHTML, like Gecko) Chrome/29.0.1547.76 Safari/537.36 OPR/16.0.1196.80"}}, {"pk": 15, "model": "tracking.visitor", "fields": {"session_start": "2013-10-07T11:31:22Z", "url": "/", "referrer": "http://www.gianlucademartini.net/mturkFast/index.php?assignmentId=2DGU3K4F0OHOVTYLN0BO6L94D7Q10B&hitId=2YXL42J1LY58B9ZOR39GJKHG973P48&workerId=A1ZPZH1UH6MXIL&turkSubmitTo=https%3A%2F%2Fwww.mturk.com", "page_views": 48, "last_update": "2013-10-07T11:41:52Z", "user": 14, "session_key": "6auprhsgt8gphw4z8q7uv3itjlxe2cue", "ip_address": "111.93.119.198", "user_agent": "Mozilla/5.0 (Windows NT 6.1) AppleWebKit/537.36 (KHTML, like Gecko) Chrome/29.0.1547.66 Safari/537.36"}}, {"pk": 16, "model": "tracking.visitor", "fields": {"session_start": "2013-10-07T11:32:34Z", "url": "/", "referrer": "http://www.gianlucademartini.net/mturkFast/index.php?assignmentId=22TCSTMOFXRDS6FT6HPDRXJHIUFTQA&hitId=2YXL42J1LY58B9ZOR39GJKHG973P48&workerId=AI45NDJPUIOEJ&turkSubmitTo=https%3A%2F%2Fwww.mturk.com", "page_views": 30, "last_update": "2013-10-07T11:41:21Z", "user": 15, "session_key": "enz6mpsk5rcuhl6pz597ly8qbxe6zryu", "ip_address": "188.2.248.138", "user_agent": "Mozilla/5.0 (Windows NT 6.1; WOW64) AppleWebKit/537.36 (KHTML, like Gecko) Chrome/30.0.1599.69 Safari/537.36"}}, {"pk": 17, "model": "tracking.visitor", "fields": {"session_start": "2013-10-07T11:35:40Z", "url": "/", "referrer": "http://www.gianlucademartini.net/mturkFast/index.php?assignmentId=24M00OQKKA4IIU597XT6C0EYW5DYY6&hitId=2YXL42J1LY58B9ZOR39GJKHG973P48&workerId=A266KTWY0HBD2F&turkSubmitTo=https%3A%2F%2Fwww.mturk.com", "page_views": 16, "last_update": "2013-10-07T11:44:30Z", "user": 16, "session_key": "p69l9ts780kdszjjmcvf978n0s1670a9", "ip_address": "119.235.52.198", "user_agent": "Mozilla/5.0 (Windows NT 6.1) AppleWebKit/537.36 (KHTML, like Gecko) Chrome/29.0.1547.41 Safari/537.36"}}, {"pk": 18, "model": "tracking.visitor", "fields": {"session_start": "2013-10-07T11:36:08Z", "url": "/HNAP1/", "referrer": "http://185.19.28.97/", "page_views": 1, "last_update": "2013-10-07T11:36:08Z", "user": null, "session_key": "65.78.44.253:Mozilla/2.0 (compatible; MS", "ip_address": "65.78.44.253", "user_agent": "Mozilla/2.0 (compatible; MSIE 3.0B; Win32)"}}, {"pk": 19, "model": "tracking.visitor", "fields": {"session_start": "2013-10-07T11:36:28Z", "url": "/", "referrer": "http://hitbit.co/", "page_views": 16, "last_update": "2013-10-07T11:41:31Z", "user": 10, "session_key": "l58uoojolbejjepyt16yptzowwh0v9b2", "ip_address": "14.96.76.171", "user_agent": "Mozilla/5.0 (Windows NT 6.2; WOW64) AppleWebKit/537.31 (KHTML, like Gecko) Chrome/26.0.1410.43 Safari/537.31"}}, {"pk": 20, "model": "tracking.visitor", "fields": {"session_start": "2013-10-07T11:38:02Z", "url": "/HNAP1/", "referrer": "http://185.19.28.97/", "page_views": 1, "last_update": "2013-10-07T11:38:02Z", "user": null, "session_key": "70.66.233.26:Mozilla/5.0 (Windows; U; Wi", "ip_address": "70.66.233.26", "user_agent": "Mozilla/5.0 (Windows; U; Windows NT 5.1; de; rv:1.9.2.3) Gecko/20100401 Firefox/3.6.3 (FM Scene 4.6.1)"}}, {"pk": 21, "model": "tracking.visitor", "fields": {"session_start": "2013-10-07T11:42:04Z", "url": "/admin/jsi18n/", "referrer": "unknown", "page_views": 7, "last_update": "2013-10-07T11:42:12Z", "user": 1, "session_key": "oe442ndvhy47tyf48dsyqel70wi6wopz", "ip_address": "134.21.147.59", "user_agent": "Mozilla/5.0 (Macintosh; Intel Mac OS X 10_8_5) AppleWebKit/537.36 (KHTML, like Gecko) Chrome/30.0.1599.69 Safari/537.36"}}, {"pk": 22, "model": "tracking.visitor", "fields": {"session_start": "2013-10-07T11:46:36Z", "url": "/HNAP1/", "referrer": "http://185.19.28.97/", "page_views": 1, "last_update": "2013-10-07T11:46:36Z", "user": null, "session_key": "190.32.242.202:Opera/6.x (Linux 2.4.8-26", "ip_address": "190.32.242.202", "user_agent": "Opera/6.x (Linux 2.4.8-26mdk i686; U) [en]"}}, {"pk": 23, "model": "tracking.visitor", "fields": {"session_start": "2013-10-07T11:47:10Z", "url": "/HNAP1/", "referrer": "http://185.19.28.97/", "page_views": 1, "last_update": "2013-10-07T11:47:10Z", "user": null, "session_key": "50.80.181.205:Mozilla/5.0 (compatible; K", "ip_address": "50.80.181.205", "user_agent": "Mozilla/5.0 (compatible; Konqueror/2.2.2; Linux 2.4.14-xfs; X11; i686)"}}, {"pk": 24, "model": "tracking.visitor", "fields": {"session_start": "2013-10-07T11:49:08Z", "url": "/HNAP1/", "referrer": "http://185.19.28.97/", "page_views": 1, "last_update": "2013-10-07T11:49:08Z", "user": null, "session_key": "186.188.169.164:Mozilla/4.0 (compatible;", "ip_address": "186.188.169.164", "user_agent": "Mozilla/4.0 (compatible; MSIE 5.5; Windows NT 5.0; .NET CLR 1.0.3705)"}}, {"pk": 25, "model": "tracking.visitor", "fields": {"session_start": "2013-10-07T11:49:59Z", "url": "/HNAP1/", "referrer": "http://185.19.28.97/", "page_views": 1, "last_update": "2013-10-07T11:49:59Z", "user": null, "session_key": "71.82.107.12:Mozilla/5.0 (compatible; Ko", "ip_address": "71.82.107.12", "user_agent": "Mozilla/5.0 (compatible; Konqueror/2.2.2; Linux 2.4.14-xfs; X11; i686)"}}, {"pk": 26, "model": "tracking.visitor", "fields": {"session_start": "2013-10-07T11:50:16Z", "url": "/HNAP1/", "referrer": "http://185.19.28.97/", "page_views": 1, "last_update": "2013-10-07T11:50:16Z", "user": null, "session_key": "71.43.169.82:Mozilla/5.0 (Windows; U; Wi", "ip_address": "71.43.169.82", "user_agent": "Mozilla/5.0 (Windows; U; Windows NT 5.1; de; rv:1.9.2.3) Gecko/20100401 Firefox/3.6.3 (FM Scene 4.6.1)"}}, {"pk": 27, "model": "tracking.visitor", "fields": {"session_start": "2013-10-07T11:58:48Z", "url": "/HNAP1/", "referrer": "http://185.19.28.97/", "page_views": 1, "last_update": "2013-10-07T11:58:48Z", "user": null, "session_key": "76.14.184.244:Mozilla/5.0 (X11; Linux i6", "ip_address": "76.14.184.244", "user_agent": "Mozilla/5.0 (X11; Linux i686; U;rv: 1.7.13) Gecko/20070322 Kazehakase/0.4.4.1"}}, {"pk": 28, "model": "tracking.visitor", "fields": {"session_start": "2013-10-07T12:00:56Z", "url": "/HNAP1/", "referrer": "http://185.19.28.97/", "page_views": 1, "last_update": "2013-10-07T12:00:56Z", "user": null, "session_key": "66.182.241.41:Mozilla/5.0 (Windows; U; W", "ip_address": "66.182.241.41", "user_agent": "Mozilla/5.0 (Windows; U; Windows NT 5.1; de; rv:1.9.2.3) Gecko/20100401 Firefox/3.6.3 (FM Scene 4.6.1)"}}, {"pk": 29, "model": "tracking.visitor", "fields": {"session_start": "2013-10-07T12:02:43Z", "url": "/HNAP1/", "referrer": "http://185.19.28.97/", "page_views": 1, "last_update": "2013-10-07T12:02:43Z", "user": null, "session_key": "98.154.3.215:Mozilla/4.0 (compatible; MS", "ip_address": "98.154.3.215", "user_agent": "Mozilla/4.0 (compatible; MSIE 6.0; Win32) WebWasher 3.0"}}, {"pk": 30, "model": "tracking.visitor", "fields": {"session_start": "2013-10-07T12:05:56Z", "url": "/HNAP1/", "referrer": "http://185.19.28.97/", "page_views": 1, "last_update": "2013-10-07T12:05:56Z", "user": null, "session_key": "98.168.248.165:Mozilla/2.0 (compatible; ", "ip_address": "98.168.248.165", "user_agent": "Mozilla/2.0 (compatible; MSIE 3.0B; Win32)"}}, {"pk": 31, "model": "tracking.visitor", "fields": {"session_start": "2013-10-07T12:06:29Z", "url": "/HNAP1/", "referrer": "http://185.19.28.97/", "page_views": 1, "last_update": "2013-10-07T12:06:29Z", "user": null, "session_key": "75.80.50.174:Mozilla/4.0 (compatible; Op", "ip_address": "75.80.50.174", "user_agent": "Mozilla/4.0 (compatible; Opera/3.0; Windows 4.10) 3.51 [en]"}}, {"pk": 32, "model": "tracking.visitor", "fields": {"session_start": "2013-10-07T12:10:40Z", "url": "/HNAP1/", "referrer": "http://185.19.28.97/", "page_views": 1, "last_update": "2013-10-07T12:10:40Z", "user": null, "session_key": "67.88.165.50:Mozilla/5.0 (X11; Linux i68", "ip_address": "67.88.165.50", "user_agent": "Mozilla/5.0 (X11; Linux i686; U;rv: 1.7.13) Gecko/20070322 Kazehakase/0.4.4.1"}}, {"pk": 33, "model": "tracking.visitor", "fields": {"session_start": "2013-10-07T12:13:31Z", "url": "/HNAP1/", "referrer": "http://185.19.28.97/", "page_views": 1, "last_update": "2013-10-07T12:13:31Z", "user": null, "session_key": "24.98.189.172:Opera/6.x (Linux 2.4.8-26m", "ip_address": "24.98.189.172", "user_agent": "Opera/6.x (Linux 2.4.8-26mdk i686; U) [en]"}}, {"pk": 34, "model": "tracking.visitor", "fields": {"session_start": "2013-10-07T12:17:27Z", "url": "/HNAP1/", "referrer": "http://185.19.28.97/", "page_views": 1, "last_update": "2013-10-07T12:17:27Z", "user": null, "session_key": "68.190.140.217:Mozilla/5.0 (Macintosh; U", "ip_address": "68.190.140.217", "user_agent": "Mozilla/5.0 (Macintosh; U; PPC Mac OS X Mach-O; en-US; rv:1.0.1) Gecko/20030306 Camino/0.7"}}]